mtllib texturedMesh.mtl
v -0.216045 -0.841806 3.033519
v -0.196465 -0.926925 3.125438
v 0.086800 -0.850643 3.036161
v -0.159665 1.022946 4.545029
v -0.237270 -0.919625 3.123032
v -0.120620 -0.902985 3.097914
v -0.270177 0.828839 4.476968
v 0.064980 -0.892864 3.085896
v -0.085271 1.080957 4.573079
v -0.126170 -0.993150 3.196537
v -0.083758 -1.131374 3.356913
v -0.104961 0.916321 4.465930
v 0.325968 1.021813 4.697448
v -0.136733 1.005130 4.513298
v 0.107892 -0.688258 3.078455
v -0.319265 0.917965 4.613840
v 0.071130 -0.699043 3.056701
v 0.135496 -0.901285 3.091258
v -0.252664 1.059585 4.683424
v 0.233652 0.994247 4.542779
v -0.250370 -0.935649 3.120469
v -0.221224 0.954714 4.534057
v 0.141415 -0.794279 3.069230
v 0.158479 0.824167 4.426456
v -0.486836 0.621968 4.611935
v 0.092339 0.878870 4.425862
v -0.237948 0.989060 4.590789
v -0.015200 1.088237 4.560333
v 0.045659 -1.114992 3.336307
v -0.309393 0.946521 4.634968
v -0.471406 0.819799 4.745253
v 0.110729 0.953198 4.451057
v -0.115832 1.062207 4.559614
v -0.073055 -0.877925 3.068016
v -0.127634 1.018544 4.514784
v 0.068583 -1.003985 3.206484
v 0.054836 1.040642 4.510052
v 0.273428 0.985512 4.581121
v -0.183023 1.024543 4.568864
v 0.029902 -0.960795 3.157601
v -0.159965 -0.981300 3.185924
v 0.095302 -0.764856 3.041875
v 0.083905 -1.011411 3.216920
v -0.251069 1.015162 4.630402
v 0.020462 1.101234 4.587043
v -0.189616 1.048969 4.600597
v 0.066008 -0.961498 3.159623
v -0.520014 0.687368 4.677932
v -0.376472 0.959654 4.743914
v 0.078624 -0.903509 3.098027
v -0.281447 -1.001136 3.193316
v -0.242930 -0.924752 3.105749
v -0.115738 1.034112 4.523197
v 0.128643 1.112794 4.628780
v 0.259257 -0.914667 3.241569
v -0.368850 1.040780 4.759913
v 0.055185 -0.944690 3.142089
v 0.256584 0.979273 4.553709
v 0.227622 -0.908944 3.107120
v 0.333720 0.983373 4.667026
v -0.305322 0.959574 4.644952
v 0.055041 -0.679912 3.074938
v -0.232392 -0.886197 3.078498
v -0.211894 -0.897934 3.094472
v -0.206168 -0.927342 3.128892
v 0.162691 1.014390 4.506226
v 0.071098 -1.033068 3.240891
v 0.101383 -0.930988 3.127495
v -0.288643 -0.828519 3.143152
v 0.215321 0.893585 4.435421
v -0.046800 1.044889 4.504868
v 0.254213 -0.897656 3.227309
v 0.163980 -0.975618 3.174329
v -0.444998 0.990375 4.746681
v -0.296018 -1.023529 3.224691
v -0.273265 -1.004334 3.217193
v 0.170105 0.995441 4.489756
v 0.002210 -0.900839 3.093063
v 0.218074 0.863173 4.430173
v -0.085885 -0.902706 3.096832
v -0.009475 1.163117 4.655346
v -0.134833 -0.702023 3.065285
v -0.027494 -1.056083 3.267464
v 0.231907 0.880378 4.445016
v 0.063390 -1.001407 3.203213
v -0.092524 1.017107 4.502837
v 0.090980 0.947580 4.448486
v -0.176469 -0.795035 3.027846
v -0.073520 -0.686482 3.060466
v -0.224528 -0.913491 3.112329
v 0.163918 -1.000599 3.202426
v -0.141867 -0.964584 3.165247
v -0.307994 0.865492 4.547415
v -0.232261 -0.874320 3.059221
v -0.244432 -1.124231 3.348626
v -0.209846 1.056686 4.629642
v 0.274153 1.066813 4.677463
v 0.120945 0.961559 4.459621
v 0.099482 -0.907087 3.101856
v 0.252115 0.691427 4.436557
v -0.294191 -1.053875 3.271651
v 0.034905 -1.115877 3.338487
v -0.154368 1.080710 4.610866
v 0.025233 1.027466 4.506648
v 0.081381 1.088109 4.576013
v 0.283635 1.024999 4.631599
v 0.234456 1.025211 4.579200
v 0.241728 -0.860924 3.167447
v -0.040301 0.624677 4.439619
v 0.197778 -0.685430 3.189554
v 0.135965 1.073748 4.577554
v 0.236815 -0.912624 3.155316
v 0.126532 -0.889050 3.074966
v -0.145506 1.060646 4.576308
v -0.259873 -0.911823 3.076959
v 0.250642 0.874397 4.459677
v -0.067222 -0.747717 3.024367
v -0.990386 1.266925 4.154513
v -0.173702 -1.025944 3.238410
v 0.102343 -0.868645 3.058448
v -0.228648 -0.940374 3.132740
v -0.135984 1.102159 4.629979
v 0.177150 0.935289 4.431774
v -0.131966 -0.985187 3.187721
v -0.175435 -0.849395 3.030299
v 0.209052 1.008483 4.534844
v 0.070127 -1.047829 3.257436
v -1.026716 1.644810 4.275863
v -0.497101 0.818122 4.715766
v -0.203146 -0.898356 3.093778
v -0.298156 0.824815 4.478521
v -0.231562 -0.988019 3.191286
v -0.165699 -0.933833 3.132128
v 0.261854 0.933498 4.522741
v 0.258613 -0.886910 3.227713
v -0.317466 0.889649 4.585842
v -0.005749 -0.867975 3.053196
v -0.118830 -1.082570 3.303191
v 0.096886 1.045653 4.507688
v 0.238397 1.054000 4.617829
v 0.029084 -0.816251 2.995251
v -0.325953 0.840179 4.564841
v -0.073241 1.043048 4.511224
v 0.387006 -0.381757 3.744719
v -0.302419 0.834718 4.512571
v -0.232192 0.903055 4.492969
v -0.033339 -0.755434 3.017827
v -0.029455 -1.117544 3.341317
v -0.043572 1.086876 4.564580
v -0.241181 1.088350 4.697659
v -0.265167 -0.870178 3.073539
v -0.210104 1.015811 4.587208
v -0.219480 -0.848734 3.035124
v -0.474249 0.695132 4.670054
v -0.273871 0.873602 4.507574
v -0.108274 -1.131977 3.357665
v -0.288755 -1.020568 3.235470
v -0.173428 -0.822065 3.011126
v 0.249537 1.008509 4.577010
v -0.314926 0.978319 4.702021
v -0.040800 -0.732137 3.028242
v -0.026130 -0.637508 3.098830
v -0.036636 -0.804458 2.995003
v 0.249185 -0.850231 3.186707
v 0.128396 0.936707 4.428025
v -1.121368 1.695424 4.201379
v -0.304059 0.849681 4.529916
v 0.147072 1.005150 4.487588
v -0.282237 1.033786 4.687293
v 0.153702 -1.051623 3.262209
v 0.094772 1.133326 4.631742
v -0.132518 1.028624 4.528028
v -0.125242 1.061711 4.563375
v 0.136604 -1.006980 3.211373
v 0.032714 1.017034 4.507999
v 0.181336 0.909695 4.412387
v 0.055398 0.995744 4.497747
v -0.271629 1.039645 4.679470
v 0.050408 1.132337 4.628074
v 0.236095 -0.802829 3.158161
v -0.191503 -0.838084 3.020049
v -0.311977 1.005323 4.707630
v 0.010137 -0.750350 3.033856
v -0.036753 -0.905297 3.100200
v -0.205096 -1.045010 3.263193
v -0.040993 -1.152381 3.380566
v -0.053150 -0.751115 3.021917
v -0.510559 0.569088 4.584124
v 0.193699 1.034473 4.555910
v -0.531023 1.333012 4.550660
v -0.138326 -0.936913 3.135370
v -0.318238 0.964576 4.688013
v 0.390604 0.914237 4.672259
v 0.062100 -0.917135 3.113884
v -0.060639 1.022143 4.496810
v -0.144219 -0.988793 3.193505
v 0.003662 1.162333 4.647935
v -0.299888 -0.822419 3.155277
v -0.017967 0.920555 4.456374
v -0.087524 -0.983678 3.183772
v -0.234167 0.892812 4.480270
v -0.237450 -0.905821 3.109451
v 0.053054 1.086629 4.567240
v -0.312682 0.798005 4.507048
v -0.032086 1.015537 4.503071
v -0.249137 1.010453 4.622913
v -0.242324 -0.917209 3.116742
v 0.106683 -1.146037 3.367250
v -0.179272 1.129207 4.674472
v 0.121517 1.026041 4.496292
v -0.300342 0.892851 4.564369
v -0.177898 -1.002630 3.210279
v 0.288341 0.973956 4.594169
v -0.169025 1.065970 4.603333
v 0.017737 1.068434 4.526784
v 0.261904 0.882036 4.480643
v -0.070004 1.065834 4.540925
v 0.230594 -0.844900 3.143925
v -0.223028 -0.846735 3.033877
v -0.165573 1.161618 4.689835
v 0.007821 -1.094770 3.313736
v -0.253611 0.973052 4.591361
v -0.184800 -0.981711 3.185135
v -0.416429 0.717906 4.631590
v -0.034752 1.001779 4.503641
v -0.009899 1.054021 4.506634
v 0.258675 -0.927479 3.238796
v -0.215393 1.068102 4.651466
v -0.210166 -0.942007 3.145310
v -0.028872 -0.901187 3.096745
v -0.122700 -0.976851 3.177897
v -0.070206 -0.900828 3.094111
v 0.274523 1.030398 4.626397
v -0.069406 1.084618 4.570771
v -0.185011 1.039563 4.586190
v 0.030462 -1.014306 3.216187
v 0.121050 -0.883885 3.070586
v 0.171870 0.967584 4.463107
v -0.374984 0.944656 4.742958
v -0.215347 1.118508 4.697243
v -0.002281 0.940398 4.459390
v -0.236586 -0.851533 3.036983
v -0.175957 1.067919 4.610806
v -0.064669 -0.929662 3.125277
v 0.221800 -0.917647 3.106231
v -0.153169 -0.755682 3.035872
v -0.172687 1.076362 4.619176
v 0.108657 0.941968 4.436960
v 0.037984 -0.907455 3.101416
v -0.082430 1.103476 4.598774
v -0.026803 -0.883715 3.073704
v -0.487455 0.546393 4.558469
v 0.077100 -1.020772 3.226622
v -0.172189 1.068819 4.608355
v -0.231809 0.968506 4.562906
v -0.301663 -0.888836 3.108413
v 0.227937 -0.829683 3.142476
v 0.095551 -0.730151 3.046284
v 0.019484 -0.700071 3.054605
v 0.077870 1.076658 4.554769
v -0.173766 -0.959296 3.161520
v -0.535435 0.619949 4.625103
v -0.137717 1.022839 4.526903
v -0.371390 0.543357 4.531210
v 0.147972 0.979467 4.469731
v -0.245583 0.963797 4.574129
v -0.098948 -1.101793 3.324293
v -0.485862 0.947870 4.742857
v -0.034950 -0.951800 3.147553
v -0.214243 -0.901840 3.098989
v 0.247385 -0.822576 3.171616
v 0.324416 0.981815 4.648315
v -0.091799 -0.950961 3.148963
v -0.021866 0.991847 4.498195
v -0.014010 -0.731016 3.033792
v 0.085261 -1.007119 3.211601
v -0.196690 -0.920786 3.118279
v 0.288773 0.950996 4.579279
v -0.316508 0.913005 4.604144
v -0.224623 1.093034 4.690885
v -0.313428 0.953250 4.659960
v 0.036760 -1.147089 3.372219
v 0.199198 -0.821397 3.114334
v 0.125530 1.060437 4.547596
v -0.136131 1.063229 4.573207
v -0.294947 0.474218 4.450097
v 0.031164 -0.854639 3.036403
v -0.174637 -0.992175 3.198524
v -0.034164 1.074119 4.537701
v 0.167589 -1.090358 3.304034
v 0.051174 1.017111 4.506401
v -0.232571 1.058352 4.659344
v -0.060804 -0.893779 3.086153
v -0.003876 -0.988880 3.187366
v 0.041182 -1.128127 3.351113
v 0.281863 0.979032 4.586591
v 0.137247 1.033429 4.512607
v 0.095304 0.937644 4.434239
v -0.510266 0.732336 4.702719
v 0.372241 0.967621 4.691931
v 0.076141 1.005536 4.498935
v -0.218166 -0.882761 3.074936
v 0.202881 0.994632 4.514009
v 0.043251 0.969666 4.476320
v 0.302740 0.786927 4.467918
v -0.172817 0.923005 4.477250
v 0.077584 1.052293 4.516038
v -0.428511 -0.533983 3.307971
v -0.208973 0.794249 4.487317
v -0.367538 0.919145 4.715775
v 0.353331 0.933571 4.649728
v -0.127455 1.025583 4.521250
v -0.024642 -0.902452 3.097289
v 0.046297 -0.925124 3.121525
v 0.114506 -0.894687 3.085258
v -0.042081 -1.160037 3.389630
v -0.200476 -0.867297 3.054604
v -0.245875 -0.862774 3.046627
v 0.045855 -0.996391 3.197009
v 0.102645 1.061704 4.538280
v -0.145610 -0.947295 3.146954
v 0.258536 0.910792 4.499255
v 0.223077 1.085420 4.656396
v -0.031852 -0.786856 2.994815
v 0.194757 0.924137 4.437741
v -0.134257 1.017783 4.518783
v 0.314635 1.009817 4.650682
v -0.210193 -0.902938 3.098605
v 0.123834 -1.029683 3.237072
v 0.256372 -0.925084 3.240669
v -0.122138 1.119290 4.640585
v 0.218152 0.913662 4.455779
v 0.071299 -0.784758 3.023623
v -0.144805 -0.983353 3.187025
v -0.374829 0.842526 4.649204
v -0.027549 1.071151 4.530728
v 0.299083 0.928624 4.572178
v -0.428692 0.926002 4.746828
v -0.175085 1.162070 4.665539
v -0.288957 0.829123 4.482313
v -0.259850 0.860459 4.481251
v 0.126068 -0.836120 3.057167
v 0.179515 0.977809 4.477469
v 0.223931 1.038205 4.586900
v -0.308386 0.933557 4.615702
v -0.557344 0.615853 4.613619
v -0.304595 0.870370 4.547406
v 0.050067 1.073871 4.542107
v -0.095325 -0.924431 3.120894
v 0.008937 0.953648 4.468013
v 0.030980 1.001203 4.499147
v 0.098301 1.015664 4.488495
v 0.188203 -0.934021 3.122539
v -0.479823 0.507187 4.337557
v -0.301135 -0.884078 3.112030
v -0.122838 -0.745795 3.033262
v -0.034662 -1.157867 3.386019
v -0.100670 1.069156 4.562729
v 0.068225 1.126559 4.624118
v -0.273267 -0.984292 3.180643
v 0.124226 -0.881920 3.069407
v 0.101391 0.951344 4.451421
v -0.106633 -0.881095 3.072126
v 0.145917 -0.864189 3.068173
v -0.247341 1.056397 4.672056
v -0.205569 1.093510 4.663657
v -0.317616 0.926697 4.618323
v -0.285581 1.043752 4.704116
v 0.205379 0.887337 4.422851
v -0.239933 -0.906810 3.090742
v 0.056561 -1.128087 3.350238
v 0.113784 0.921052 4.416790
v -0.000191 1.140081 4.629815
v -0.351574 0.922125 4.717910
v 0.247996 -0.885414 3.207199
v 0.095947 -0.896488 3.090004
v -0.223219 -0.896228 3.095033
v 0.242226 -0.901620 3.189749
v 0.202943 1.020126 4.543829
v -0.059101 -0.842174 3.022691
v -0.062589 1.034745 4.496952
v -0.475980 0.630381 4.622899
v 0.141022 -0.715550 3.080604
v -0.210681 -0.892146 3.088189
v -0.218485 -0.873013 3.060048
v 0.255339 0.870044 4.455337
v 0.080963 -0.998280 3.201792
v -0.345626 -0.834466 3.177097
v 0.350195 0.847780 4.572023
v 0.266618 0.955142 4.547857
v 0.113661 -0.886277 3.077042
v -0.377128 0.936178 4.739331
v 0.135784 1.061285 4.555394
v -0.110118 1.140533 4.645342
v 0.123220 -0.902265 3.093294
v 0.010235 -1.111270 3.333430
v 0.002282 -0.747378 3.032726
v 0.007818 1.046568 4.506346
v -0.138123 1.133074 4.661677
v -0.430524 0.878792 4.715568
v -0.112060 1.051045 4.541394
v -0.019079 -1.013637 3.217002
v 0.114338 -0.670587 3.091481
v 0.142235 -0.884587 3.069898
v -0.011426 -0.942957 3.138030
v 0.111390 -0.917850 3.112708
v 0.276841 -0.088005 3.908518
v -0.067152 1.074848 4.554421
v -0.234543 -0.837672 3.040945
v 0.252707 0.856563 4.441622
v -0.403027 0.801636 4.651858
v -0.097894 1.038259 4.516633
v -0.016757 -1.147774 3.374862
v 0.171537 0.919109 4.414775
v -0.165553 1.133811 4.676541
v 0.009890 -0.795141 2.995641
v -0.105175 -0.973593 3.173621
v -0.105365 1.061385 4.552175
v 0.215450 -0.750164 3.147575
v 0.167206 -0.826980 3.076870
v 0.122200 1.048974 4.527000
v -0.199971 -0.901369 3.094839
v -0.233057 0.939859 4.533399
v -0.243981 0.975902 4.583422
v 0.100784 -1.013903 3.220585
v -0.312836 -0.702592 3.257371
v -0.032954 -0.668090 3.081474
v -0.314132 0.867911 4.561809
v 0.281326 1.060138 4.662416
v -0.219178 -0.837383 3.032526
v 0.272712 0.931426 4.540410
v -0.228221 1.042053 4.633934
v -0.332172 0.804246 4.534813
v -0.219663 -1.044329 3.263141
v -0.254722 0.887704 4.498197
v -0.282483 1.004163 4.656841
v 0.387105 -0.383200 3.744738
v -0.242658 -0.918369 3.100085
v -0.267869 -0.900366 3.096165
v -0.066872 -0.771019 3.005138
v -0.313302 1.010650 4.724122
v -0.063863 -1.078782 3.296146
v 0.028786 -0.718466 3.035415
v -0.263435 1.097181 4.714763
v -0.037742 -0.897791 3.092135
v -0.282490 0.951096 4.602693
v -0.050486 -0.780520 2.998288
v -0.329703 0.995875 4.735718
v -0.195579 -0.941587 3.140447
v -0.138974 -0.813726 3.006251
v -0.300115 0.978149 4.656341
v -0.360116 1.085475 4.745912
v -0.299247 1.017077 4.694117
v 0.073132 0.939272 4.443553
v 0.086596 0.960170 4.463947
v 0.190308 1.016786 4.528485
v -0.472110 0.658966 4.642018
v -0.039056 1.077598 4.547009
v -0.181044 0.883636 4.470770
v -0.124552 1.098712 4.616291
v -0.045146 1.026892 4.499715
v 0.261907 -0.898220 3.235617
v -0.308507 0.781001 4.498212
v -0.012430 1.077252 4.536198
v -0.103591 -0.623452 3.145156
v -0.270591 -0.919197 3.072916
v -0.254247 -1.014311 3.228620
v 0.105323 -0.894663 3.086533
v 0.165794 0.936553 4.428050
v 0.083449 -0.840430 3.025278
v -0.137431 -0.916157 3.112944
v -0.528422 1.073469 4.661584
v -0.527972 0.541311 4.516329
v -0.106359 -0.839360 3.019319
v -0.134857 -1.138323 3.366073
v -0.242902 0.908812 4.506424
v 0.103954 0.956693 4.458907
v -0.219017 0.993956 4.574170
v 0.240708 0.936554 4.497227
v 0.111026 1.046214 4.515779
v -0.186486 -0.885963 3.075414
v -0.175684 -1.060765 3.279569
v -0.224688 0.855380 4.469807
v -0.139114 -1.124188 3.351199
v 0.262394 -0.887840 3.235549
v -0.101727 -0.967817 3.167639
v -0.137232 1.053280 4.560155
v -0.144882 -1.084073 3.305477
v 0.245174 -0.805831 3.170053
v 0.060230 1.068723 4.535172
v -0.217293 -0.893278 3.091383
v -0.349200 0.956710 4.725586
v -0.385644 0.988943 4.740829
v -0.205975 -0.896003 3.093603
v 0.078295 -0.915874 3.112239
v -0.160219 1.063494 4.592039
v -0.227571 -0.848967 3.035803
v 0.241696 0.814078 4.441182
v -0.554551 0.703235 4.572719
v 0.093441 0.929402 4.426455
v -0.023096 1.060090 4.513922
v 0.242939 -0.843288 3.169426
v -0.223817 -1.061544 3.281263
v -0.162272 1.113500 4.657375
v -0.147057 1.131675 4.675266
v -0.001734 -0.660501 3.086464
v 0.179726 -1.013730 3.217725
v -0.149259 1.098403 4.633791
v 0.122649 -0.874762 3.063608
v -1.141858 1.690591 4.218411
v -0.329026 0.908689 4.629744
v -0.265887 1.013285 4.645413
v 0.003109 1.005658 4.499025
v -0.188429 0.938045 4.487977
v 0.168367 -0.900950 3.091754
v -0.059960 0.200883 4.159272
v -0.302566 1.026836 4.715369
v -0.126214 -0.955526 3.156310
v -0.162564 -0.879059 3.068882
v 0.173456 1.064912 4.586202
v -0.079364 -1.016984 3.221711
v -0.205532 -0.901550 3.096845
v -0.349190 0.884877 4.650026
v -0.332035 0.974042 4.725782
v -0.443757 0.953590 4.752075
v -0.111517 -0.987489 3.189124
v 0.085941 1.025098 4.493920
v 0.243306 -0.873971 3.180581
v 0.232684 -0.888587 3.139855
v -0.324283 0.926220 4.643082
v 0.109172 1.014857 4.487583
v 0.419912 0.891858 4.682206
v -0.022930 -0.907294 3.101964
v 0.135243 -0.895765 3.083621
v 0.106957 1.085306 4.580932
v -0.247824 -0.771531 3.094367
v -0.130379 -0.979685 3.181944
v 0.132820 -0.881994 3.068253
v -0.238959 1.013178 4.615305
v -0.109646 1.103642 4.611118
v 0.243415 -0.892091 3.202850
v 0.086917 1.031213 4.494409
v 0.006813 -0.742190 3.040666
v 0.260646 -0.895370 3.237033
v -0.296624 0.821225 4.480768
v 0.055203 1.111100 4.602650
v 0.074268 1.149811 4.676753
v 0.285111 0.985649 4.595958
v -0.065607 1.060075 4.528705
v -0.145413 -0.938004 3.138213
v -0.402003 0.943878 4.751290
v -0.291147 0.843733 4.493076
v -0.302903 0.922721 4.597311
v -0.201131 0.971847 4.529302
v -1.155118 1.693216 4.223403
v -0.043301 1.006438 4.500299
v -0.324408 0.891262 4.598019
v -0.478902 0.668729 4.669834
v -0.241428 -0.861636 3.037595
v 0.200672 -0.851704 3.103050
v -0.309230 0.809619 4.495445
v 0.327031 0.931398 4.614601
v 0.198372 0.946058 4.462127
v -0.131561 1.030958 4.530420
v 0.070095 -0.876327 3.062870
v -0.332521 0.905872 4.646235
v 0.131795 -0.924240 3.117344
v -0.158592 1.047636 4.571455
v -0.231916 -1.029698 3.246828
v 0.257726 -0.917701 3.226494
v -0.213137 -1.129945 3.354812
v 0.244488 -0.889464 3.207813
v 0.202437 -0.907071 3.099254
v -0.419806 0.962014 4.746906
v -0.300438 0.861300 4.532681
v -0.078242 -0.721008 3.035746
v -0.153857 -1.108016 3.334034
v -0.165676 1.073248 4.609379
v 0.182773 0.887828 4.418552
v 0.281776 0.908236 4.530919
v 0.132744 1.119827 4.654124
v -0.047650 -1.089034 3.308662
v 0.057878 -0.712320 3.054327
v -0.187137 -0.833957 3.013374
v 0.138189 1.040932 4.524824
v 0.096973 0.999750 4.488530
v 0.137616 -0.776649 3.063605
v -0.314621 1.015254 4.723469
v -0.317264 0.931243 4.625829
v 0.251611 -0.919019 3.223511
v -0.201236 -0.888921 3.081085
v -0.047718 1.058206 4.518668
v -0.169095 -0.986707 3.193132
v 0.128992 -0.992831 3.195386
v -0.275725 -1.025509 3.241182
v -0.268846 -0.627164 3.252302
v -0.253218 1.079894 4.704344
v -0.258296 1.055169 4.683573
v -0.025458 1.139067 4.627739
v 0.106270 1.106745 4.614371
v -0.693303 0.559501 4.056590
v -0.054764 0.857972 4.454933
v -0.257353 -0.929756 3.124606
v -0.363385 -0.817450 3.186752
v -0.067726 -1.104452 3.326458
v 0.186369 -0.999126 3.200001
v 0.151963 -1.067468 3.280970
v -0.461519 1.044306 4.761973
v -0.165030 -0.835613 3.011257
v -0.070268 1.158874 4.649535
v 0.179338 0.949169 4.448897
v 0.052219 -0.706542 3.049906
v -0.298606 0.828613 4.494179
v 0.093563 0.942336 4.440405
v 0.245759 0.904962 4.474759
v 0.380844 0.871980 4.648204
v 0.146493 0.949800 4.440398
v -0.481995 0.674956 4.661595
v -0.457175 0.686784 4.666273
v 0.103439 1.026765 4.489118
v 0.194736 -0.999435 3.199534
v 0.030215 1.141303 4.633498
v -0.017698 1.006961 4.501307
v 0.132581 -0.685321 3.081698
v -0.429857 0.998253 4.744979
v 0.105121 0.963369 4.466792
v -0.177707 -1.131561 3.358007
v -0.289305 0.880599 4.538709
v 0.130306 1.065708 4.559199
v 0.127552 -0.962261 3.159896
v -0.224839 0.065092 3.982658
v 0.012775 -0.893646 3.085077
v 0.087965 1.015007 4.494577
v -0.049901 -1.111812 3.334628
v -0.148690 -0.991625 3.196703
v -0.136049 -0.971580 3.172973
v -0.055775 1.077802 4.553816
v 0.141401 -1.019578 3.225321
v -0.274561 -0.780210 3.128613
v -0.214615 1.054859 4.633553
v -0.109102 -0.852645 3.037125
v -0.364685 0.673965 4.578557
v -0.313050 0.986500 4.707698
v -0.276986 0.886856 4.531260
v -0.140408 -1.025044 3.234232
v -0.099680 -0.998887 3.201780
v -0.272721 -0.971401 3.165551
v -0.238296 0.976744 4.578753
v 0.071685 -1.009721 3.214020
v 0.085482 -0.869237 3.057007
v -0.030026 1.053496 4.509978
v -0.302677 0.967385 4.649489
v -1.061143 1.517233 4.217535
v -0.270599 -0.905743 3.067134
v -0.205683 1.070264 4.643015
v 0.144035 -0.744801 3.078099
v 0.090649 -1.037541 3.247165
v 0.308829 1.027827 4.663231
v -0.084932 1.085979 4.579709
v -0.040336 -1.077059 3.294260
v 0.165419 0.960237 4.452950
v -0.125290 -0.985919 3.188405
v 0.015840 -1.127940 3.352131
v -0.274890 -1.049443 3.266814
v -0.111635 0.983517 4.492335
v 0.146679 -0.900845 3.088047
v -0.313751 0.922195 4.609115
v -0.087432 0.953249 4.478214
v 0.061282 -0.745410 3.040373
v -0.006073 -1.126591 3.352203
v -0.244656 -0.856718 3.038579
v 0.218483 -0.938583 3.125601
v -0.236999 -1.115347 3.338965
v -0.289695 -0.893669 3.080311
v 0.089105 -1.026450 3.234185
v -0.116100 1.007718 4.502126
v 0.076276 1.025694 4.501393
v 0.257209 -0.889402 3.221745
v 0.320578 0.963046 4.632113
v -0.279461 0.933459 4.581272
v -0.015462 0.942692 4.464371
v 0.041928 -0.714446 3.045334
v -0.142695 1.070835 4.588824
v 0.098171 -1.086121 3.301852
v 0.294107 0.989923 4.612995
v -0.111560 -0.933875 3.132104
v -0.259225 1.064261 4.693341
v -0.096558 1.085150 4.582677
v 0.011488 1.127930 4.621189
v 0.069258 0.888552 4.428869
v 0.210894 -0.956775 3.146350
v 0.098896 0.973765 4.476926
v -0.179917 -0.728526 3.065443
v 0.209063 -0.865702 3.110490
v -0.146853 -0.903589 3.097936
v 0.296434 1.045069 4.674715
v -0.380479 0.422752 4.397717
v -0.005995 -0.549295 3.251870
v 0.000228 -0.734526 3.031824
v -0.310527 -0.853880 3.169624
v -0.108124 -1.046815 3.259683
v -0.402609 0.970451 4.750803
v 0.187860 -0.754562 3.121227
v 0.157795 1.035226 4.529959
v -0.026877 -1.086728 3.305345
v -0.023383 1.076779 4.539502
v -0.156995 -1.042216 3.256568
v -0.048013 -0.887415 3.079791
v -0.258454 0.901707 4.523910
v -0.160817 -1.128500 3.355379
v 0.100998 0.946124 4.443707
v 0.126237 -1.115500 3.333243
v 0.020558 -0.737707 3.033972
v -0.034940 -1.105711 3.327935
v 0.151367 0.890976 4.414201
v 0.201401 -0.885469 3.094794
v -0.180253 -0.757293 3.050827
v 0.224452 -0.804025 3.142465
v 0.108218 0.947641 4.445100
v -0.366554 0.284064 4.054929
v 0.079003 0.983045 4.486676
v 0.214996 0.959801 4.489952
v -0.143087 1.112148 4.649632
v -0.484081 0.557967 4.562966
v -0.229955 -0.860775 3.043035
v 0.191078 0.984013 4.492042
v -0.366951 0.753921 4.578156
v -0.294125 0.936168 4.601130
v -0.208104 -0.840150 3.030790
v -0.290747 1.016744 4.679484
v -0.043821 1.072667 4.538945
v 0.166528 -0.741154 3.097956
v -0.216594 0.908725 4.482511
v -0.253244 0.833135 4.470560
v 0.138016 -0.890046 3.074851
v -0.283805 0.909976 4.563528
v 0.239466 1.033026 4.594741
v -0.061608 -1.000147 3.201448
v -0.151665 0.974374 4.498505
v -0.215487 -0.913086 3.110882
v 0.079899 -0.935073 3.132786
v -0.016402 -0.746947 3.023506
v -0.154552 -0.811246 3.009383
v 0.104800 -1.048373 3.259892
v -0.237262 -0.645953 3.196080
v -0.326040 0.898474 4.611476
v -0.128405 -1.103720 3.328689
v -0.171573 -0.907974 3.103464
v -0.244313 -0.828537 3.055239
v -0.470680 -0.435862 3.386749
v -0.194775 0.999906 4.554540
v -0.255321 1.046134 4.668057
v 0.044318 -1.102252 3.321400
v -0.130382 1.024321 4.522765
v 0.191331 0.768362 4.455428
v 0.247217 0.975091 4.535718
v -0.229435 0.981706 4.573347
v -0.206218 -0.906196 3.101668
v 0.070455 -1.026374 3.233089
v -0.115488 -0.981911 3.183094
v 0.126024 -1.063939 3.276618
v -0.246221 -0.928022 3.119225
v 0.170744 0.903397 4.407583
v -0.441239 1.049739 4.761642
v -0.056294 -0.730250 3.031684
v 0.008202 -0.765878 3.021096
v -0.229633 -0.918939 3.118279
v -0.186521 -1.038296 3.254199
v 0.253303 0.949125 4.519933
v 0.092279 -0.988842 3.189586
v -0.237403 1.074772 4.685589
v 0.148353 1.097982 4.618954
v 0.026021 1.053138 4.513469
v -0.477115 0.545290 4.581688
v 0.147673 -0.892346 3.078841
v 0.074464 1.065342 4.533524
v -0.157302 -0.987023 3.191524
v -1.086878 1.441596 4.201127
v -0.239525 -1.097462 3.320283
v 0.046643 -0.875661 3.062094
v 0.132970 0.925305 4.415859
v -0.118958 -0.972028 3.172829
v 0.280353 1.002280 4.605568
v -0.014669 1.079743 4.543118
v -0.021473 0.980611 4.490848
v -0.195060 -0.829159 3.020663
v -0.059127 0.984646 4.488477
v -0.054016 -0.876917 3.065542
v -0.215836 -0.786293 3.065727
v -0.170580 1.034960 4.567658
v -0.209532 -0.933793 3.135501
v -0.146294 -0.857642 3.041812
v -0.008199 1.078588 4.541429
v 0.058590 -0.796043 3.012951
v 0.093073 -0.885621 3.075255
v 0.097718 -0.636574 3.144695
v 0.186379 0.963884 4.468348
v -0.222322 -0.909136 3.108172
v -0.254062 1.003635 4.621880
v -0.211439 1.059967 4.635347
v -0.140580 -0.959662 3.160240
v 0.138617 0.912295 4.409757
v 0.107803 1.094095 4.595070
v -0.104834 -0.814297 3.000842
v -0.144266 1.164337 4.683469
v 0.033926 -0.666408 3.075524
v 0.257461 0.940138 4.520836
v -0.067635 -0.960868 3.158372
v -0.007285 -0.746833 3.027899
v 0.286056 0.889519 4.508450
v 0.124112 1.000758 4.483902
v 0.108771 0.968348 4.470301
v -0.031119 -0.896161 3.090411
v 0.072898 0.846739 4.444259
v -0.137641 0.948257 4.482954
v 0.140127 -1.079656 3.295392
v -0.188063 1.080640 4.633676
v -0.383141 1.017623 4.754844
v -0.093000 -0.972666 3.172096
v -0.295530 0.970661 4.639993
v -0.498879 0.545378 4.529401
v 0.138781 -1.083007 3.296579
v -0.193648 -1.100715 3.324623
v 0.054927 -0.727638 3.044076
v -0.196192 -0.735933 3.076208
v -0.035061 1.038034 4.504605
v -0.266746 1.031155 4.664154
v -0.292752 -0.902186 3.138984
v -0.029167 -0.920117 3.114794
v -0.296186 0.916296 4.583157
v 0.068800 -0.863796 3.046535
v -0.211118 1.101927 4.684828
v 0.327632 1.013528 4.673209
v 0.247061 -0.896987 3.213324
v -0.280397 1.025914 4.675258
v -0.234523 0.952438 4.550032
v -0.284046 -0.661002 3.233952
v 0.231093 0.970743 4.515469
v 0.238002 0.888802 4.453868
v 0.233178 -0.921852 3.107355
v 0.267192 0.869718 4.467466
v 0.220168 -0.895965 3.104798
v -0.434594 1.007430 4.750989
v 0.026854 -1.067252 3.280551
v -0.270281 0.902068 4.539455
v 0.157777 1.069804 4.584364
v -0.226451 0.926803 4.507984
v 0.015891 -0.934146 3.129473
v -1.100102 1.686852 4.214245
v -0.202427 0.948353 4.507431
v 0.166426 1.054307 4.566207
v -0.122205 -1.123645 3.349778
v 0.154628 -0.777905 3.073946
v -0.201207 0.926868 4.488601
v 0.194580 0.967739 4.478695
v -0.216432 1.060600 4.642482
v -0.150222 -0.974344 3.175887
v -0.300614 0.993726 4.675137
v 0.021218 1.133216 4.622401
v -0.188608 -0.932762 3.133452
v -0.051737 1.073857 4.544181
v 0.232718 -0.909023 3.124255
v 0.037133 -0.696825 3.051321
v -0.266675 -1.019447 3.234490
v -0.051946 -0.908336 3.102580
v 0.208698 -0.994171 3.192148
v -0.295522 0.853914 4.518277
v 0.093506 1.054965 4.521159
v -0.017966 1.070509 4.527641
v -0.215229 0.981203 4.557561
v 0.001845 -0.792782 2.995264
v -0.196423 -1.076627 3.297882
v 0.173889 1.095250 4.622793
v -0.360089 0.903167 4.688693
v 0.133910 -0.885435 3.070625
v 0.364814 0.990897 4.700291
v -0.124774 -0.982177 3.183772
v 0.123463 -1.126444 3.343364
v -0.037673 -1.083288 3.301379
v -0.321514 0.874959 4.591310
v 0.046395 -0.918787 3.115047
v -0.004296 1.049299 4.504810
v -0.153984 1.143436 4.678920
v -0.012798 0.959665 4.475079
v -0.285265 -0.848297 3.122534
v -0.001677 1.029732 4.502707
v -0.267199 -0.736586 3.139822
v 0.049354 -1.023429 3.228839
v -0.158584 -1.019293 3.228604
v -0.152681 -1.012282 3.220239
v -0.169744 0.990757 4.523652
v -0.313382 0.996370 4.711299
v -0.122167 -1.011985 3.218088
v -0.164277 -1.016153 3.225703
v 0.348143 1.007155 4.692377
v 0.176902 -0.868114 3.084407
v 0.051410 -0.970237 3.168163
v -0.035194 -0.982433 3.180986
v -0.924415 1.414954 4.316784
v 0.104646 -0.967647 3.166753
v -0.065449 -0.787019 3.000530
v 0.066069 -0.929798 3.127165
v 0.188949 0.896566 4.412582
v -0.145282 -1.029035 3.239377
v 0.044990 -0.722136 3.049925
v 0.035502 1.073983 4.539787
v -0.208151 1.081065 4.660528
v 0.254730 0.936446 4.513106
v 0.002626 1.059089 4.512144
v -0.392311 -0.744670 3.237896
v 0.050509 1.062465 4.525436
v 0.141791 -0.906600 3.096530
v 0.004876 -0.753124 3.031572
v -0.220884 -0.843270 3.032694
v 0.274239 0.969320 4.569114
v -0.010485 -0.714857 3.030151
v -0.323246 0.923045 4.626261
v -0.050290 1.167202 4.654867
v 0.039523 -0.708585 3.051012
v 0.217882 -0.832733 3.129351
v 0.113920 1.072613 4.561697
v -0.314663 0.991405 4.703762
v -0.120024 -0.962521 3.162622
v -0.012443 -0.891445 3.083974
v -0.255571 -0.886999 3.073672
v -0.556693 0.897643 4.752130
v 0.072980 -0.970067 3.169374
v 0.373989 0.910094 4.654828
v 0.148210 1.079411 4.594014
v -0.239727 0.955992 4.559561
v 0.104565 -0.954935 3.153956
v -0.204930 -0.895009 3.090673
v 0.247550 -0.664546 3.287903
v 0.263323 -0.912852 3.247187
v 0.120958 0.930256 4.420916
v -1.104149 1.664276 4.244705
v 0.306923 1.046534 4.695088
v 0.093756 -0.949709 3.146881
v 0.118656 -1.076974 3.293149
v 0.217076 0.882695 4.432449
v -0.248621 1.036711 4.650174
v -0.278183 -0.806848 3.115722
v -0.255758 0.934046 4.554949
v 0.083346 0.920455 4.426576
v -0.055244 -1.155905 3.382449
v -0.230234 -0.962642 3.152463
v 0.141851 1.047311 4.537201
v -0.204141 1.046946 4.614218
v 0.028743 0.913079 4.441823
v -0.106544 -0.977883 3.178595
v -0.279990 -0.901106 3.109063
v 0.038403 -0.708612 3.037553
v 0.199050 -0.997963 3.197632
v -0.135181 1.042571 4.545620
v 0.013329 -0.906011 3.099392
v 0.280524 0.943042 4.561999
v -0.303086 -0.964652 3.176107
v -0.256973 -0.921030 3.111746
v 0.196778 -0.869067 3.092757
v -0.139053 1.087069 4.610088
v -0.216369 1.098953 4.685556
v 0.156537 -0.709236 3.104143
v 0.013586 1.082157 4.550574
v 0.216441 -0.783201 3.137562
v 0.108513 -0.438543 3.443233
v 0.110919 0.933436 4.426371
v -0.260605 -1.096775 3.317016
v -0.177735 1.057466 4.600206
v -0.454190 0.592083 4.590059
v -0.223072 -0.840028 3.033997
v 0.220415 1.019311 4.558987
v -0.309797 0.906892 4.589402
v 0.349791 1.010777 4.712691
v -0.288375 -0.856424 3.142047
v -0.039120 1.068428 4.530145
v -0.265916 0.985737 4.618129
v -0.399881 0.937028 4.757444
v -0.126193 -0.836235 3.017261
v -0.241244 0.919708 4.523164
v -0.448356 0.563129 4.566730
v -0.058049 1.036792 4.498109
v 0.024152 -0.983436 3.181853
v -0.221521 -1.011810 3.222799
v -0.308202 0.857841 4.542204
v 0.258464 -0.926635 3.245513
v 0.260209 -0.926219 3.243594
v 0.082455 -0.921583 3.118676
v 0.063823 1.073001 4.543943
v 0.085859 1.039750 4.501517
v 0.251347 1.062656 4.639439
v -0.253364 -0.866176 3.045311
v 0.109719 1.039458 4.502339
v 0.094546 1.033272 4.491790
v 0.193760 -0.848802 3.098052
v -0.304656 0.842845 4.523740
v -0.264958 -0.918800 3.119912
v -0.144181 -1.002930 3.209345
v -0.054023 -0.744050 3.022735
v 0.118636 -0.706858 3.065531
v 0.177353 1.075158 4.607920
v -0.234285 -0.312679 3.504523
v 0.072494 1.104732 4.596851
v 0.204262 0.901548 4.431137
v 0.253416 -0.885957 3.220876
v 0.061944 -0.907815 3.102807
v -0.247492 -0.925250 3.124433
v -0.249090 -0.875091 3.058875
v 0.267309 0.896500 4.502850
v 0.086654 -0.715306 3.047450
v -0.077644 -0.755575 3.013625
v -0.186553 -0.626159 3.178036
v 0.133494 -0.950651 3.146242
v -0.330667 0.590337 4.556281
v 0.395934 0.937118 4.691320
v 0.088978 -0.814819 3.030133
v 0.235761 -0.862906 3.155872
v -0.007803 -0.912790 3.107009
v -0.087147 1.076433 4.567290
v -0.217257 1.085503 4.675743
v -0.393664 0.972861 4.745957
v -0.062491 1.071734 4.546316
v -0.176523 0.961275 4.502269
v 0.247734 -0.888727 3.213854
v -0.124821 -0.964722 3.165884
v 0.098534 1.079231 4.566302
v -0.255084 -0.836009 3.062627
v 0.211938 -0.980233 3.174807
v 0.092275 1.026202 4.490287
v -0.114086 -0.958726 3.158672
v -0.292493 0.952604 4.616640
v 0.152626 0.927139 4.418914
v 0.166425 0.946657 4.438547
v -0.307688 0.996104 4.692295
v -0.286486 -0.857797 3.112836
v 0.102388 1.036977 4.497518
v 0.089461 1.005027 4.497197
v 0.184621 0.997792 4.499538
v 0.248470 0.961090 4.523371
v -0.002074 -0.960720 3.157169
v -0.294713 0.927181 4.592687
v -0.128560 -0.873965 3.063939
v -0.263577 0.956280 4.586087
v 0.049061 -0.917918 3.114425
v -0.047443 -0.868291 3.056712
v -0.109953 -0.972992 3.173569
v -0.093257 -0.705739 3.051238
v 0.095687 -0.923744 3.120516
v -0.058154 -0.700827 3.043871
v -0.027257 1.064246 4.520064
v -0.120832 1.078854 4.586148
v -0.017391 1.039663 4.505578
v 0.108535 -0.897958 3.090964
v 0.084030 -1.121754 3.340268
v 0.152880 1.113859 4.651751
v 0.120660 0.949229 4.443711
v -0.031730 0.995613 4.501076
v -0.308942 -0.893142 3.124510
v -0.123885 -0.788827 3.007456
v 0.293196 1.048157 4.661287
v -0.222924 -0.907398 3.103907
v -0.041762 1.112562 4.601100
v -0.458910 0.616726 4.613468
v -1.108305 1.691532 4.214104
v 0.158619 -0.885600 3.073662
v -0.037761 -0.771728 3.007015
v -0.040608 0.950805 4.474296
v 0.362049 0.947146 4.674049
v 0.305279 0.559295 4.409427
v -0.171162 -0.711508 3.073242
v 0.120081 -0.787289 3.045688
v 0.115191 0.884511 4.426107
v -0.002974 1.071866 4.528311
v -0.053689 1.067507 4.535069
v 0.073471 -0.721358 3.052556
v -0.535957 0.661924 4.651432
v -0.331313 0.934727 4.693429
v -0.077955 1.071640 4.554735
v 0.117794 0.980324 4.475230
v -0.117357 1.024995 4.514622
v -0.213520 1.052201 4.628568
v -0.315482 0.999354 4.715468
v 0.400724 0.835922 4.628190
v 0.097892 -1.000626 3.204760
v 0.196765 1.064243 4.600274
v 0.134237 1.086707 4.598500
v 0.115057 0.907057 4.415512
v -0.179268 0.845991 4.461119
v -0.314746 0.903250 4.592133
v -0.319665 1.035312 4.728805
v 0.120330 1.094894 4.603544
v -0.258255 -1.076225 3.296316
v 0.122739 -0.739687 3.060034
v 0.223270 -1.000877 3.198541
v -0.053996 -1.145230 3.372620
v -0.263586 -0.937850 3.138918
v 0.111256 -0.897505 3.090907
v -0.420025 -0.464309 3.394585
v 0.283937 0.159878 4.161935
v -0.171099 1.091244 4.632991
v -0.087103 1.059681 4.540022
v 0.381596 0.966793 4.697804
v 0.106572 -0.788914 3.037784
v -0.221646 -0.918010 3.120308
v 0.177706 -1.052211 3.259901
v 0.254791 0.963404 4.534428
v 0.121499 1.088704 4.594051
v 0.296495 0.980581 4.609525
v 0.007153 0.977913 4.485642
v -0.015827 1.061067 4.514262
v -0.284798 -0.922338 3.139064
v 0.021665 0.940067 4.455403
v 0.148849 -0.650690 3.157944
v -0.047213 -1.041422 3.249921
v 0.263636 0.919370 4.512478
v 0.029986 -0.816314 2.995343
v 0.027615 -0.815576 2.994897
v 0.392847 -0.358933 3.769533
v 0.252228 -0.920279 3.217063
vt 0.151506 0.538429
vt 0.149425 0.538843
vt 0.153641 0.533940
vt 0.149706 0.539346
vt 0.150059 0.535810
vt 0.157904 0.531949
vt 0.148794 0.540583
vt 0.146866 0.539974
vt 0.153074 0.532212
vt 0.156289 0.531731
vt 0.156593 0.536439
vt 0.146585 0.543780
vt 0.146898 0.537586
vt 0.149012 0.534978
vt 0.155872 0.530888
vt 0.156972 0.530939
vt 0.161237 0.531834
vt 0.151474 0.541740
vt 0.143970 0.542269
vt 0.150502 0.533259
vt 0.156130 0.531494
vt 0.157844 0.529086
vt 0.161491 0.533772
vt 0.160482 0.530824
vt 0.154834 0.539937
vt 0.148583 0.544828
vt 0.141413 0.547720
vt 0.144541 0.539138
vt 0.146171 0.536789
vt 0.148630 0.534094
vt 0.152435 0.530526
vt 0.156726 0.530625
vt 0.160997 0.526617
vt 0.163802 0.531698
vt 0.159197 0.537750
vt 0.162683 0.529170
vt 0.152893 0.542244
vt 0.150287 0.543877
vt 0.146689 0.547763
vt 0.141697 0.549982
vt 0.142720 0.541062
vt 0.156001 0.527986
vt 0.158010 0.525849
vt 0.165711 0.532770
vt 0.166064 0.529459
vt 0.155404 0.541515
vt 0.151300 0.543473
vt 0.149906 0.545716
vt 0.143376 0.549581
vt 0.138833 0.552016
vt 0.144342 0.538281
vt 0.140908 0.545122
vt 0.154788 0.527402
vt 0.156138 0.529952
vt 0.163081 0.527757
vt 0.162861 0.519749
vt 0.163696 0.537847
vt 0.165883 0.527553
vt 0.152361 0.544237
vt 0.157809 0.541850
vt 0.143699 0.551886
vt 0.147824 0.550465
vt 0.141217 0.552344
vt 0.141363 0.541728
vt 0.143926 0.537284
vt 0.156230 0.526015
vt 0.151844 0.528661
vt 0.157535 0.527994
vt 0.164319 0.527709
vt 0.163742 0.526605
vt 0.164117 0.524551
vt 0.156486 0.523033
vt 0.170315 0.528985
vt 0.169889 0.534452
vt 0.168536 0.527213
vt 0.154077 0.545420
vt 0.150857 0.546472
vt 0.138770 0.553548
vt 0.157179 0.525414
vt 0.149744 0.530584
vt 0.163762 0.527448
vt 0.165895 0.521681
vt 0.163467 0.513196
vt 0.170929 0.530386
vt 0.170001 0.527725
vt 0.162285 0.542447
vt 0.166994 0.539653
vt 0.169751 0.531773
vt 0.169131 0.525944
vt 0.164977 0.526651
vt 0.151740 0.546670
vt 0.157398 0.545273
vt 0.141010 0.553644
vt 0.142697 0.555516
vt 0.139553 0.554720
vt 0.147960 0.527989
vt 0.148554 0.532915
vt 0.165391 0.518965
vt 0.168165 0.523187
vt 0.165421 0.514572
vt 0.173894 0.529348
vt 0.174661 0.527069
vt 0.174631 0.537439
vt 0.170368 0.532304
vt 0.167084 0.525294
vt 0.170275 0.526529
vt 0.151856 0.548260
vt 0.152857 0.549517
vt 0.140625 0.555260
vt 0.144951 0.555868
vt 0.137700 0.555390
vt 0.149650 0.533257
vt 0.168790 0.519227
vt 0.169390 0.521455
vt 0.130894 0.531993
vt 0.173555 0.530646
vt 0.172270 0.526258
vt 0.169649 0.543860
vt 0.159921 0.546255
vt 0.173765 0.533303
vt 0.171605 0.531927
vt 0.171119 0.531248
vt 0.169924 0.524011
vt 0.173203 0.524218
vt 0.157495 0.548485
vt 0.139630 0.558849
vt 0.146999 0.555181
vt 0.141381 0.559985
vt 0.150227 0.551648
vt 0.137107 0.554978
vt 0.137134 0.556895
vt 0.167512 0.517282
vt 0.170596 0.522241
vt 0.138088 0.540120
vt 0.098505 0.530533
vt 0.171664 0.530917
vt 0.178274 0.531453
vt 0.177259 0.528144
vt 0.174026 0.525932
vt 0.179310 0.542483
vt 0.170736 0.530709
vt 0.154511 0.551747
vt 0.138185 0.557357
vt 0.143604 0.558415
vt 0.136754 0.556412
vt 0.170337 0.518211
vt 0.173194 0.519576
vt 0.094510 0.475570
vt 0.181944 0.526851
vt 0.175969 0.525655
vt 0.162875 0.548583
vt 0.184734 0.536840
vt 0.175952 0.549092
vt 0.172645 0.522115
vt 0.151642 0.553389
vt 0.136737 0.560466
vt 0.138633 0.562368
vt 0.137307 0.558180
vt 0.141027 0.540967
vt 0.008771 0.444281
vt 0.179381 0.525265
vt 0.176897 0.524729
vt 0.188366 0.542596
vt 0.184367 0.530055
vt 0.175386 0.520866
vt 0.161333 0.555923
vt 0.149732 0.552952
vt 0.137053 0.563499
vt 0.139226 0.563431
vt 0.138979 0.543497
vt 0.175395 0.515851
vt 0.047096 0.606437
vt 0.183429 0.524506
vt 0.177736 0.522763
vt 0.192016 0.537608
vt 0.192809 0.547499
vt 0.187760 0.533199
vt 0.151136 0.554776
vt 0.147416 0.556665
vt 0.135619 0.560723
vt 0.137903 0.564533
vt 0.139969 0.564190
vt 0.092366 0.595829
vt 0.183957 0.527643
vt 0.186821 0.524257
vt 0.179459 0.523550
vt 0.185822 0.559736
vt 0.190019 0.535280
vt 0.193729 0.540823
vt 0.193245 0.543584
vt 0.187346 0.529240
vt 0.180421 0.520137
vt 0.146280 0.561159
vt 0.136101 0.563480
vt 0.138001 0.563307
vt 0.138526 0.565537
vt 0.143906 0.559868
vt 0.101244 0.625997
vt 0.184829 0.527295
vt 0.185706 0.523390
vt 0.186992 0.526062
vt 0.179828 0.522999
vt 0.181155 0.523750
vt 0.161691 0.562776
vt 0.191922 0.535822
vt 0.197545 0.537761
vt 0.195808 0.543735
vt 0.201935 0.548079
vt 0.189899 0.531555
vt 0.189426 0.534238
vt 0.179910 0.522407
vt 0.152949 0.561503
vt 0.134942 0.568914
vt 0.188034 0.518418
vt 0.118549 0.664884
vt 0.188469 0.522896
vt 0.190203 0.524627
vt 0.182805 0.522128
vt 0.156356 0.574030
vt 0.192687 0.533061
vt 0.196692 0.533119
vt 0.197954 0.541555
vt 0.200468 0.543516
vt 0.209961 0.552105
vt 0.189267 0.527324
vt 0.147492 0.565944
vt 0.182754 0.512544
vt 0.185681 0.683512
vt 0.139752 0.804436
vt 0.190725 0.523105
vt 0.187584 0.522582
vt 0.183194 0.523087
vt 0.189264 0.604565
vt 0.202071 0.533885
vt 0.204556 0.538752
vt 0.210747 0.560994
vt 0.212640 0.545688
vt 0.210530 0.542893
vt 0.192660 0.527001
vt 0.140461 0.565020
vt 0.144315 0.567115
vt 0.191071 0.514867
vt 0.187664 0.521276
vt 0.148910 0.711351
vt 0.088380 0.848281
vt 0.190672 0.522367
vt 0.186089 0.522668
vt 0.191522 0.523552
vt 0.185343 0.522454
vt 0.128323 0.600938
vt 0.195706 0.528700
vt 0.200886 0.529250
vt 0.214528 0.553777
vt 0.218961 0.547657
vt 0.140764 0.567358
vt 0.197986 0.516456
vt 0.193025 0.520688
vt 0.074398 0.841127
vt 0.113816 0.920634
vt 0.192498 0.522288
vt 0.189417 0.522204
vt 0.184057 0.523225
vt 0.192914 0.523358
vt 0.227669 0.564305
vt 0.137377 0.577368
vt 0.134599 0.615911
vt 0.206791 0.534777
vt 0.202352 0.531298
vt 0.218997 0.552602
vt 0.214596 0.543891
vt 0.218664 0.544973
vt 0.213026 0.539810
vt 0.138943 0.568056
vt 0.195779 0.514705
vt 0.199743 0.519564
vt 0.229291 0.837844
vt 0.090873 0.934158
vt 0.182623 0.524082
vt 0.194061 0.524274
vt 0.234017 0.576357
vt 0.127671 0.585865
vt 0.111949 0.616997
vt 0.126563 0.624228
vt 0.195149 0.525062
vt 0.197486 0.525627
vt 0.205902 0.531135
vt 0.211411 0.536571
vt 0.214906 0.542663
vt 0.223622 0.546255
vt 0.226167 0.550628
vt 0.213974 0.541459
vt 0.139284 0.568842
vt 0.199788 0.515502
vt 0.199567 0.876703
vt 0.262091 0.743790
vt 0.195360 0.522012
vt 0.196456 0.523556
vt 0.246323 0.590419
vt 0.243873 0.566651
vt 0.136667 0.574480
vt 0.119512 0.594720
vt 0.111505 0.613109
vt 0.112622 0.621744
vt 0.140120 0.635067
vt 0.200962 0.524687
vt 0.210757 0.532881
vt 0.206532 0.526798
vt 0.214526 0.542064
vt 0.218016 0.543034
vt 0.222433 0.544021
vt 0.215982 0.540837
vt 0.215323 0.537794
vt 0.137114 0.571750
vt 0.205231 0.515876
vt 0.171214 0.904634
vt 0.230516 0.907837
vt 0.270796 0.906170
vt 0.258338 0.691069
vt 0.193549 0.521449
vt 0.232325 0.551348
vt 0.257541 0.615249
vt 0.239223 0.556619
vt 0.133374 0.574501
vt 0.122158 0.579898
vt 0.112763 0.601798
vt 0.108495 0.610909
vt 0.106247 0.612171
vt 0.105096 0.624795
vt 0.210718 0.529132
vt 0.214829 0.533379
vt 0.217496 0.541907
vt 0.220026 0.543346
vt 0.230002 0.547787
vt 0.226276 0.543745
vt 0.216433 0.540168
vt 0.215955 0.541465
vt 0.216605 0.539269
vt 0.201438 0.514575
vt 0.206229 0.518440
vt 0.193967 0.911640
vt 0.147505 0.903594
vt 0.212217 0.921797
vt 0.245405 0.910928
vt 0.259169 0.918730
vt 0.199328 0.522511
vt 0.191468 0.521758
vt 0.255510 0.572892
vt 0.245900 0.558328
vt 0.103714 0.594842
vt 0.109559 0.606193
vt 0.105807 0.622723
vt 0.205613 0.523463
vt 0.213023 0.530787
vt 0.213330 0.532842
vt 0.212523 0.526401
vt 0.221428 0.542414
vt 0.217800 0.540425
vt 0.217355 0.541214
vt 0.218974 0.536370
vt 0.217283 0.538470
vt 0.208578 0.516675
vt 0.205956 0.521129
vt 0.201391 0.919338
vt 0.192010 0.922097
vt 0.133341 0.908331
vt 0.161199 0.933949
vt 0.218672 0.925856
vt 0.236339 0.921611
vt 0.233569 0.549315
vt 0.236733 0.551573
vt 0.262851 0.565526
vt 0.238947 0.552905
vt 0.106182 0.579629
vt 0.097962 0.606150
vt 0.210850 0.524806
vt 0.212607 0.528814
vt 0.212776 0.527658
vt 0.219788 0.540789
vt 0.230054 0.545048
vt 0.224858 0.540417
vt 0.219722 0.539198
vt 0.220094 0.532846
vt 0.209507 0.519259
vt 0.184336 0.935022
vt 0.142989 0.943546
vt 0.173687 0.936055
vt 0.150379 0.936317
vt 0.223811 0.933019
vt 0.213465 0.932882
vt 0.208074 0.933674
vt 0.248960 0.932118
vt 0.242064 0.926718
vt 0.234664 0.927935
vt 0.232032 0.546747
vt 0.246208 0.556328
vt 0.251423 0.554934
vt 0.271437 0.569964
vt 0.241723 0.553907
vt 0.127215 0.572134
vt 0.101470 0.602274
vt 0.202696 0.522099
vt 0.210165 0.523268
vt 0.213839 0.528385
vt 0.215040 0.530301
vt 0.214604 0.525560
vt 0.214252 0.527094
vt 0.228768 0.542313
vt 0.224864 0.536145
vt 0.217147 0.530370
vt 0.215775 0.519714
vt 0.211287 0.521227
vt 0.199000 0.940286
vt 0.189733 0.945875
vt 0.179696 0.929392
vt 0.147649 0.942133
vt 0.137023 0.959759
vt 0.164591 0.949927
vt 0.155362 0.952841
vt 0.218130 0.935913
vt 0.213990 0.937591
vt 0.252225 0.942142
vt 0.244769 0.935907
vt 0.236392 0.549193
vt 0.238540 0.550922
vt 0.248366 0.556917
vt 0.118129 0.568360
vt 0.096038 0.566841
vt 0.205468 0.522195
vt 0.207434 0.522763
vt 0.213877 0.524515
vt 0.215730 0.526661
vt 0.230970 0.542709
vt 0.228781 0.540866
vt 0.224498 0.532111
vt 0.219454 0.528633
vt 0.213487 0.515740
vt 0.184969 0.945054
vt 0.178209 0.941945
vt 0.147372 0.952124
vt 0.148223 0.965751
vt 0.178363 0.954517
vt 0.228732 0.938676
vt 0.219849 0.937304
vt 0.211090 0.940829
vt 0.202387 0.946169
vt 0.245858 0.944944
vt 0.258144 0.944190
vt 0.238200 0.934540
vt 0.234401 0.545130
vt 0.242790 0.552665
vt 0.238826 0.547984
vt 0.131857 0.564245
vt 0.215998 0.528174
vt 0.217114 0.526417
vt 0.228435 0.538956
vt 0.228961 0.534017
vt 0.216106 0.521932
vt 0.219871 0.519286
vt 0.197988 0.944970
vt 0.185682 0.950070
vt 0.164098 0.965560
vt 0.231539 0.943289
vt 0.224669 0.940156
vt 0.215049 0.938737
vt 0.208653 0.946898
vt 0.249296 0.955286
vt 0.239686 0.944965
vt 0.130440 0.562557
vt 0.135505 0.559970
vt 0.108475 0.557149
vt 0.231215 0.540858
vt 0.227355 0.531256
vt 0.230931 0.536755
vt 0.197318 0.950772
vt 0.185979 0.952322
vt 0.181634 0.951105
vt 0.182196 0.965454
vt 0.219101 0.942839
vt 0.215989 0.940705
vt 0.204429 0.947751
vt 0.200131 0.950324
vt 0.244321 0.955865
vt 0.253265 0.969847
vt 0.239323 0.960767
vt 0.234818 0.542066
vt 0.244013 0.550499
vt 0.118940 0.561089
vt 0.229591 0.538026
vt 0.233026 0.536267
vt 0.231677 0.534022
vt 0.192109 0.953953
vt 0.181713 0.960046
vt 0.170052 0.974059
vt 0.221163 0.948583
vt 0.205504 0.950833
vt 0.203075 0.950043
vt 0.245451 0.960713
vt 0.231678 0.954308
vt 0.237735 0.540748
vt 0.242689 0.545504
vt 0.129489 0.560816
vt 0.116251 0.556379
vt 0.232379 0.538962
vt 0.233868 0.538715
vt 0.205011 0.956756
vt 0.190779 0.959998
vt 0.186820 0.963586
vt 0.191240 0.971331
vt 0.159505 0.973466
vt 0.203902 0.951904
vt 0.241182 0.974613
vt 0.235307 0.962028
vt 0.120452 0.554554
vt 0.235072 0.535314
vt 0.192654 0.965829
vt 0.184557 0.980418
vt 0.224591 0.962157
vt 0.247152 0.982029
vt 0.230111 0.970774
vt 0.128100 0.558762
vt 0.203213 0.967528
vt 0.163737 0.979333
vt 0.220810 0.966687
vt 0.240205 0.985768
vt 0.205738 0.968204
vt 0.169911 0.980033
vt 0.151607 0.979859
vt 0.229526 0.981230
vt 0.243250 0.987471
vt 0.234070 0.984483
vt 0.169338 0.982370
vt 0.148835 0.982259
vt 0.228581 0.979168
vt 0.240619 0.987359
vt 0.237312 0.987948
vt 0.180743 0.986897
vt 0.158026 0.983554
vt 0.212431 0.982612
vt 0.241257 0.988956
vt 0.239644 0.987848
vt 0.170624 0.987551
vt 0.163843 0.986274
vt 0.153636 0.987431
vt 0.177212 0.991522
vt 0.166819 0.991602
vt 0.139847 0.545512
vt 0.139259 0.544556
vt 0.138750 0.546927
vt 0.138337 0.566576
vt 0.138617 0.567640
vt 0.102236 0.624195
vt 0.024808 0.293196
vt 0.008555 0.269589
vt 0.018155 0.274259
vt 0.020618 0.304242
vt 0.053333 0.312482
vt 0.087996 0.426534
vt 0.188994 0.369521
vt 0.192163 0.365761
vt 0.192864 0.368778
vt 0.188345 0.367266
vt 0.197500 0.366066
vt 0.190728 0.372473
vt 0.188131 0.363526
vt 0.185852 0.370064
vt 0.194234 0.370048
vt 0.195983 0.363566
vt 0.185609 0.371883
vt 0.182428 0.367836
vt 0.194524 0.360974
vt 0.197580 0.370217
vt 0.198141 0.362865
vt 0.194409 0.373371
vt 0.188963 0.376338
vt 0.182337 0.359798
vt 0.188187 0.359311
vt 0.185247 0.370349
vt 0.201034 0.368371
vt 0.199154 0.363584
vt 0.178742 0.374877
vt 0.175306 0.365158
vt 0.191617 0.357106
vt 0.202963 0.364251
vt 0.199373 0.371818
vt 0.199810 0.363396
vt 0.199689 0.360562
vt 0.198591 0.376515
vt 0.183797 0.380840
vt 0.186978 0.356220
vt 0.176294 0.368157
vt 0.168855 0.359345
vt 0.195834 0.356481
vt 0.206343 0.369384
vt 0.200372 0.362623
vt 0.192580 0.380045
vt 0.189565 0.382494
vt 0.176094 0.381664
vt 0.177008 0.354977
vt 0.173208 0.367204
vt 0.169031 0.365303
vt 0.190759 0.352390
vt 0.194785 0.381876
vt 0.171607 0.370371
vt 0.183825 0.386292
vt 0.172681 0.377711
vt 0.164906 0.363808
vt 0.153699 0.354381
vt 0.208254 0.375697
vt 0.202899 0.360911
vt 0.202278 0.380476
vt 0.166911 0.372714
vt 0.189836 0.388721
vt 0.177468 0.388282
vt 0.167610 0.380425
vt 0.158734 0.360571
vt 0.164846 0.366957
vt 0.201555 0.377459
vt 0.220602 0.370265
vt 0.200514 0.385765
vt 0.167589 0.369444
vt 0.175547 0.394312
vt 0.169613 0.387589
vt 0.160061 0.365288
vt 0.166862 0.368312
vt 0.153192 0.363653
vt 0.207487 0.378608
vt 0.217034 0.380807
vt 0.164105 0.369331
vt 0.187254 0.393231
vt 0.160443 0.383401
vt 0.159001 0.375945
vt 0.157720 0.362887
vt 0.165777 0.368114
vt 0.163344 0.367535
vt 0.194339 0.389419
vt 0.209583 0.385726
vt 0.160591 0.370483
vt 0.192358 0.394793
vt 0.164583 0.392326
vt 0.157329 0.389204
vt 0.195741 0.389874
vt 0.202593 0.388324
vt 0.218352 0.386644
vt 0.176423 0.403982
vt 0.161620 0.396574
vt 0.155267 0.386796
vt 0.154027 0.381695
vt 0.155608 0.369161
vt 0.157374 0.367194
vt 0.198405 0.388222
vt 0.212189 0.388801
vt 0.223659 0.385730
vt 0.170832 0.401235
vt 0.189789 0.405104
vt 0.157169 0.403872
vt 0.155583 0.392982
vt 0.152461 0.388342
vt 0.151297 0.375502
vt 0.151969 0.370035
vt 0.196852 0.391096
vt 0.199944 0.390147
vt 0.204067 0.391287
vt 0.222840 0.389263
vt 0.225674 0.385594
vt 0.178631 0.410610
vt 0.198731 0.399747
vt 0.151314 0.396492
vt 0.151975 0.390679
vt 0.150638 0.389498
vt 0.152465 0.387318
vt 0.152883 0.385887
vt 0.148132 0.378169
vt 0.198793 0.393477
vt 0.214013 0.391571
vt 0.169588 0.409783
vt 0.187106 0.411528
vt 0.174904 0.408839
vt 0.198103 0.396407
vt 0.207483 0.407503
vt 0.148069 0.399854
vt 0.148980 0.392331
vt 0.148580 0.388513
vt 0.151315 0.387295
vt 0.149328 0.384080
vt 0.143617 0.371033
vt 0.199885 0.391158
vt 0.197551 0.394914
vt 0.210394 0.394313
vt 0.163156 0.415533
vt 0.180009 0.417259
vt 0.195944 0.412282
vt 0.175921 0.410126
vt 0.203010 0.396907
vt 0.206969 0.398977
vt 0.144281 0.397297
vt 0.147256 0.400854
vt 0.145555 0.394981
vt 0.148480 0.389792
vt 0.148654 0.390657
vt 0.149124 0.387300
vt 0.147014 0.389351
vt 0.140599 0.374640
vt 0.141951 0.379592
vt 0.201998 0.394447
vt 0.218647 0.398506
vt 0.174021 0.411595
vt 0.157321 0.411873
vt 0.170431 0.415377
vt 0.178014 0.414867
vt 0.188686 0.414997
vt 0.212790 0.401934
vt 0.206113 0.415585
vt 0.143449 0.399008
vt 0.140539 0.400830
vt 0.143654 0.392530
vt 0.147031 0.390658
vt 0.145072 0.387629
vt 0.137299 0.371888
vt 0.146258 0.383636
vt 0.224294 0.398083
vt 0.156663 0.416597
vt 0.151491 0.412808
vt 0.168538 0.421454
vt 0.174972 0.416527
vt 0.185919 0.418613
vt 0.194614 0.415399
vt 0.211805 0.404968
vt 0.200224 0.417530
vt 0.215525 0.413235
vt 0.137703 0.395744
vt 0.141917 0.398438
vt 0.145612 0.404023
vt 0.147245 0.385746
vt 0.141922 0.388632
vt 0.131727 0.373598
vt 0.131448 0.366382
vt 0.148185 0.385120
vt 0.141010 0.382221
vt 0.219078 0.402071
vt 0.159378 0.420693
vt 0.142767 0.408502
vt 0.163032 0.422150
vt 0.176162 0.423662
vt 0.184727 0.423344
vt 0.190953 0.418416
vt 0.197001 0.414978
vt 0.216949 0.405046
vt 0.216752 0.405860
vt 0.196788 0.421997
vt 0.212605 0.420222
vt 0.138591 0.403849
vt 0.143928 0.390548
vt 0.137662 0.393296
vt 0.143171 0.386160
vt 0.135311 0.385734
vt 0.135184 0.379584
vt 0.143125 0.384979
vt 0.140418 0.380019
vt 0.223848 0.406786
vt 0.151204 0.418097
vt 0.155624 0.421184
vt 0.141612 0.417511
vt 0.157509 0.424065
vt 0.179540 0.424854
vt 0.196725 0.417884
vt 0.215403 0.415695
vt 0.127569 0.403029
vt 0.123882 0.393826
vt 0.141282 0.391700
vt 0.140257 0.390450
vt 0.126772 0.377312
vt 0.126156 0.368719
vt 0.139219 0.412423
vt 0.176474 0.425962
vt 0.181282 0.425864
vt 0.179779 0.426458
vt 0.128367 0.398862
vt 0.134889 0.405753
vt 0.134388 0.391192
vt 0.138577 0.391902
vt 0.123273 0.374096
vt 0.129761 0.379909
vt 0.122963 0.369820
vt 0.121200 0.364547
vt 0.150998 0.422607
vt 0.131840 0.409818
vt 0.121139 0.400185
vt 0.131523 0.405947
vt 0.115912 0.398436
vt 0.124297 0.372784
vt 0.121706 0.375972
vt 0.127341 0.378755
vt 0.125570 0.359451
vt 0.147378 0.423656
vt 0.130956 0.417915
vt 0.118693 0.401630
vt 0.121581 0.388115
vt 0.123070 0.372963
vt 0.120855 0.377269
vt 0.119418 0.374821
vt 0.128669 0.382190
vt 0.125216 0.379081
vt 0.123404 0.372129
vt 0.139239 0.424169
vt 0.125064 0.413834
vt 0.117099 0.403195
vt 0.119172 0.408439
vt 0.112482 0.391178
vt 0.125465 0.382623
vt 0.122078 0.373418
vt 0.119633 0.376300
vt 0.121100 0.373252
vt 0.126019 0.418317
vt 0.113685 0.402426
vt 0.113480 0.394124
vt 0.112379 0.383061
vt 0.120384 0.382835
vt 0.121328 0.372254
vt 0.118865 0.377726
vt 0.124913 0.380691
vt 0.111497 0.403491
vt 0.112652 0.398228
vt 0.107016 0.379817
vt 0.117319 0.378054
vt 0.115119 0.409869
vt 0.105808 0.390177
vt 0.112872 0.381058
vt 0.108903 0.280720
vt 0.105557 0.274334
vt 0.106971 0.274849
vt 0.123756 0.283519
vt 0.147026 0.320209
vt 0.222990 0.334615
vt 0.031572 0.249924
vt 0.029509 0.249462
vt 0.031001 0.249242
vt 0.030055 0.248146
vt 0.031297 0.249060
vt 0.028429 0.248134
vt 0.032457 0.247786
vt 0.025136 0.245863
vt 0.026889 0.248587
vt 0.028688 0.245628
vt 0.028778 0.250284
vt 0.029048 0.243303
vt 0.022444 0.250483
vt 0.025681 0.243055
vt 0.026474 0.251243
vt 0.033633 0.242672
vt 0.019547 0.245125
vt 0.021600 0.242550
vt 0.026832 0.239893
vt 0.017425 0.250960
vt 0.022903 0.239712
vt 0.029898 0.237399
vt 0.017992 0.240654
vt 0.015088 0.249094
vt 0.020942 0.240236
vt 0.027931 0.237119
vt 0.033033 0.235778
vt 0.014512 0.252339
vt 0.023457 0.238299
vt 0.025638 0.237370
vt 0.029129 0.236764
vt 0.031035 0.235850
vt 0.040531 0.239402
vt 0.021894 0.232807
vt 0.013599 0.236732
vt 0.011101 0.245316
vt 0.024019 0.239639
vt 0.026745 0.234066
vt 0.029802 0.236007
vt 0.029414 0.235122
vt 0.030474 0.234639
vt 0.037174 0.235975
vt 0.017797 0.224934
vt 0.008611 0.243559
vt 0.033454 0.222433
vt 0.036701 0.233637
vt 0.043748 0.236484
vt 0.019836 0.218820
vt 0.024800 0.231440
vt 0.038439 0.235150
vt 0.026467 0.217698
vt 0.022873 0.191812
vt 0.042656 0.226080
vt 0.042300 0.232802
vt 0.023449 0.208934
vt 0.014718 0.200315
vt 0.034117 0.189778
vt 0.027691 0.185045
vt 0.014490 0.229688
vt 0.046524 0.125002
vt 0.047364 0.230936
vt 0.012178 0.227814
vt 0.051062 0.232197
vt 0.055784 0.226721
vt 0.013335 0.236296
vt 0.013995 0.091902
vt 0.014251 0.093654
vt 0.011080 0.092874
vt 0.019821 0.092914
vt 0.011518 0.093900
vt 0.011372 0.091768
vt 0.013413 0.094830
vt 0.016420 0.090123
vt 0.008508 0.094373
vt 0.012134 0.090492
vt 0.008430 0.091812
vt 0.011997 0.098535
vt 0.020691 0.084575
vt 0.010068 0.090899
vt 0.026581 0.099289
vt 0.012325 0.085189
vt 0.027709 0.087885
vt 0.009613 0.090156
vt 0.028804 0.093202
vt 0.025930 0.083881
vt 0.016647 0.074571
vt 0.034195 0.095053
vt 0.024569 0.078498
vt 0.029251 0.081840
vt 0.033004 0.089589
vt 0.034404 0.099504
vt 0.025314 0.070603
vt 0.035380 0.092613
vt 0.037241 0.095777
vt 0.033471 0.103239
vt 0.026512 0.078825
vt 0.036470 0.085653
vt 0.028757 0.059464
vt 0.022975 0.107692
vt 0.034997 0.107614
vt 0.030667 0.072328
vt 0.034510 0.074432
vt 0.031553 0.064314
vt 0.020328 0.053634
vt 0.036942 0.091632
vt 0.036605 0.078314
vt 0.034874 0.024477
vt 0.027567 0.050779
vt 0.033301 0.070712
vt 0.037924 0.072577
vt 0.039227 0.079777
vt 0.034670 0.063057
vt 0.021848 0.033737
vt 0.037209 0.063085
vt 0.038197 0.077133
vt 0.038351 0.067163
vt 0.040034 0.086309
vt 0.039958 0.073403
vt 0.038566 0.090892
vt 0.041148 0.081301
vt 0.043732 0.081389
vt 0.043497 0.089399
vt 0.119874 0.239703
vt 0.077015 0.214360
vt 0.075994 0.216161
vt 0.087962 0.218167
vt 0.092038 0.232412
vt 0.102796 0.223951
vt 0.078065 0.212810
vt 0.074722 0.219081
vt 0.116525 0.244340
vt 0.121597 0.235912
vt 0.079355 0.211196
vt 0.073886 0.221914
vt 0.102071 0.252130
vt 0.112458 0.225278
vt 0.093738 0.210333
vt 0.081286 0.229747
vt 0.109311 0.249797
vt 0.122574 0.232370
vt 0.081833 0.208722
vt 0.073530 0.223766
vt 0.081165 0.231294
vt 0.107508 0.215606
vt 0.091768 0.203467
vt 0.073338 0.225362
vt 0.097295 0.202651
vt 0.112285 0.207041
vt 0.083677 0.207270
vt 0.093972 0.202989
vt 0.081988 0.238562
vt 0.102762 0.205694
vt 0.122961 0.229608
vt 0.085467 0.206105
vt 0.073386 0.230214
vt 0.098055 0.252441
vt 0.099107 0.202655
vt 0.122641 0.223064
vt 0.087814 0.204881
vt 0.073892 0.233190
vt 0.073274 0.228806
vt 0.091204 0.251455
vt 0.122124 0.220822
vt 0.122956 0.225415
vt 0.107620 0.204510
vt 0.074232 0.234489
vt 0.073592 0.231699
vt 0.073243 0.227390
vt 0.094327 0.252147
vt 0.114837 0.209059
vt 0.123047 0.227539
vt 0.102417 0.203006
vt 0.074716 0.235980
vt 0.120495 0.216557
vt 0.089634 0.250942
vt 0.116484 0.210693
vt 0.088165 0.250354
vt 0.118844 0.213696
vt 0.075283 0.237412
vt 0.079584 0.244141
vt 0.085153 0.248784
vt 0.077491 0.241451
vt 0.081780 0.246310
vt 0.076361 0.239605
vt 0.083184 0.247446
vt 0.168787 0.228543
vt 0.144947 0.212182
vt 0.157703 0.251481
vt 0.181400 0.209202
vt 0.182553 0.235722
vt 0.189299 0.230305
vt 0.183157 0.244091
vt 0.189453 0.227539
vt 0.231529 0.252353
vt 0.207151 0.221920
vt 0.252930 0.229004
vt 0.081521 0.156242
vt 0.087914 0.156586
vt 0.087251 0.158230
vt 0.083211 0.154665
vt 0.089532 0.158061
vt 0.082327 0.158343
vt 0.078781 0.155093
vt 0.088551 0.153853
vt 0.090638 0.159344
vt 0.092682 0.158417
vt 0.089560 0.160781
vt 0.077834 0.156284
vt 0.078071 0.155631
vt 0.084498 0.153729
vt 0.093309 0.156608
vt 0.075064 0.157150
vt 0.075314 0.154892
vt 0.081811 0.153302
vt 0.095820 0.155150
vt 0.095144 0.161326
vt 0.095186 0.158029
vt 0.073304 0.155115
vt 0.076034 0.153945
vt 0.078051 0.152961
vt 0.096084 0.157371
vt 0.094793 0.163938
vt 0.097988 0.160184
vt 0.077848 0.153894
vt 0.102326 0.158297
vt 0.097695 0.163717
vt 0.091929 0.164993
vt 0.099431 0.163611
vt 0.098066 0.154440
vt 0.098020 0.165384
vt 0.096860 0.168407
vt 0.102475 0.163401
vt 0.103592 0.161649
vt 0.105452 0.156596
vt 0.093293 0.152442
vt 0.099189 0.165341
vt 0.102791 0.165434
vt 0.103998 0.159144
vt 0.099036 0.167039
vt 0.101536 0.166967
vt 0.104599 0.163736
vt 0.105362 0.165440
vt 0.109613 0.161576
vt 0.106226 0.157622
vt 0.099451 0.168755
vt 0.104081 0.164459
vt 0.106213 0.163583
vt 0.105735 0.168446
vt 0.099943 0.168429
vt 0.100449 0.172218
vt 0.106762 0.164852
vt 0.104310 0.169180
vt 0.111373 0.168007
vt 0.111786 0.165642
vt 0.108444 0.159465
vt 0.100851 0.169475
vt 0.098056 0.172431
vt 0.102964 0.170308
vt 0.107833 0.171449
vt 0.112910 0.172109
vt 0.111918 0.161662
vt 0.104850 0.173402
vt 0.101378 0.176018
vt 0.117565 0.172580
vt 0.115590 0.162974
vt 0.105663 0.175340
vt 0.118090 0.183113
vt 0.118949 0.171250
vt 0.120334 0.168521
vt 0.102346 0.177316
vt 0.124284 0.175607
vt 0.121501 0.175972
vt 0.118716 0.165431
vt 0.124824 0.172661
vt 0.121920 0.168655
vt 0.129627 0.178782
vt 0.127267 0.185982
vt 0.249768 0.314414
vt 0.254303 0.313280
vt 0.243603 0.329027
vt 0.252270 0.304129
vt 0.260992 0.324497
vt 0.240497 0.316486
vt 0.261744 0.319990
vt 0.247918 0.332793
vt 0.254210 0.303798
vt 0.271484 0.319336
vt 0.255085 0.334942
vt 0.265700 0.331473
vt 0.167127 0.177860
vt 0.159319 0.177624
vt 0.156296 0.172316
vt 0.170708 0.185799
vt 0.159413 0.172113
vt 0.173694 0.183854
vt 0.147418 0.160602
vt 0.169794 0.175308
vt 0.174535 0.181383
vt 0.172316 0.168553
vt 0.177082 0.175761
vt 0.177418 0.179147
vt 0.219587 0.181414
vt 0.224031 0.184348
vt 0.216997 0.183000
vt 0.223745 0.185567
vt 0.212610 0.179313
vt 0.227152 0.181166
vt 0.223543 0.182125
vt 0.221465 0.177761
vt 0.214697 0.177651
vt 0.214016 0.176608
vt 0.194998 0.165321
vt 0.262978 0.182075
vt 0.246483 0.169900
vt 0.265137 0.175781
vt 0.247362 0.408969
vt 0.251019 0.407415
vt 0.262695 0.416992
vt 0.257224 0.408221
vt 0.247115 0.424838
vt 0.261906 0.413147
vt 0.242836 0.284563
vt 0.254916 0.271799
vt 0.257812 0.278320
vt 0.258789 0.382812
vt 0.245928 0.388775
vt 0.245841 0.376925
vt 0.244552 0.384760
vt 0.243172 0.383172
vt 0.244323 0.381334
vt 0.088867 0.127441
vt 0.085712 0.133714
vt 0.074970 0.122542
vt 0.111256 0.119896
vt 0.107855 0.133062
vt 0.116586 0.126256
vt 0.121094 0.127441
vt 0.142060 0.134792
vt 0.139144 0.132626
vt 0.142018 0.131649
vt 0.137742 0.129211
vt 0.151367 0.128418
vt 0.140152 0.123169
vt 0.150663 0.131440
vt 0.146720 0.121942
vt 0.147439 0.134605
vt 0.179688 0.129395
vt 0.168120 0.128072
vt 0.175779 0.123869
vt 0.168453 0.131727
vt 0.176054 0.134815
vt 0.196303 0.129794
vt 0.208008 0.129395
vt 0.198396 0.133895
vt 0.197820 0.125445
vt 0.206283 0.133546
vt 0.206291 0.125250
vt 0.202599 0.135237
vt 0.203819 0.123778
vt 0.248318 0.356056
vt 0.250753 0.354856
vt 0.250648 0.356607
vt 0.245999 0.355391
vt 0.255718 0.357131
vt 0.247460 0.353542
vt 0.254996 0.354755
vt 0.243704 0.354431
vt 0.258962 0.357954
vt 0.243820 0.355461
vt 0.263703 0.356544
vt 0.243577 0.356202
vt 0.246127 0.355883
vt 0.225005 0.134996
vt 0.225214 0.130755
vt 0.227885 0.131517
vt 0.239497 0.128490
vt 0.267578 0.129883
vt 0.261946 0.135248
vt 0.262324 0.124513
vt 0.079392 0.094059
vt 0.083168 0.098597
vt 0.073426 0.102642
vt 0.110352 0.098145
vt 0.105678 0.100242
vt 0.107428 0.093672
vt 0.108536 0.101944
vt 0.101185 0.100487
vt 0.104681 0.102963
vt 0.130201 0.097247
vt 0.127065 0.099182
vt 0.131656 0.103024
vt 0.127175 0.096691
vt 0.136719 0.098145
vt 0.135903 0.095442
vt 0.153714 0.101297
vt 0.156419 0.096281
vt 0.160848 0.101103
vt 0.163206 0.102621
vt 0.189453 0.098633
vt 0.181491 0.101198
vt 0.186481 0.094475
vt 0.211076 0.099669
vt 0.211638 0.099871
vt 0.214844 0.098633
vt 0.207987 0.102273
vt 0.206095 0.098037
vt 0.235041 0.103023
vt 0.231517 0.098912
vt 0.238281 0.099609
vt 0.256169 0.102281
vt 0.258379 0.096192
vt 0.261719 0.099609
vt 0.254891 0.099850
vt 0.073491 0.074521
vt 0.080078 0.073242
vt 0.077752 0.076481
vt 0.076008 0.069887
vt 0.073346 0.046472
vt 0.077980 0.051039
vt 0.076502 0.052767
vt 0.103568 0.076281
vt 0.097073 0.072488
vt 0.102489 0.074597
vt 0.076792 0.028868
vt 0.074901 0.023690
vt 0.076856 0.023621
vt 0.073478 0.025021
vt 0.074832 0.021670
vt 0.122816 0.071061
vt 0.126953 0.073730
vt 0.123426 0.076599
vt 0.148055 0.076204
vt 0.145505 0.076491
vt 0.145583 0.075347
vt 0.143583 0.073327
vt 0.146599 0.070803
vt 0.149414 0.073730
vt 0.166025 0.073962
vt 0.167706 0.071076
vt 0.169702 0.076561
vt 0.171875 0.073730
vt 0.191729 0.072966
vt 0.193403 0.076174
vt 0.188772 0.075594
vt 0.097899 0.046463
vt 0.097312 0.049757
vt 0.096518 0.050082
vt 0.096250 0.052753
vt 0.095782 0.052758
vt 0.095524 0.052380
vt 0.211231 0.075379
vt 0.212140 0.072115
vt 0.215820 0.074219
vt 0.236546 0.075988
vt 0.232438 0.073937
vt 0.236575 0.072478
vt 0.237305 0.074219
vt 0.254629 0.075952
vt 0.258789 0.074219
vt 0.257364 0.076439
vt 0.254212 0.073035
vt 0.118464 0.052942
vt 0.118938 0.050260
vt 0.120568 0.050399
vt 0.115242 0.051865
vt 0.137697 0.051340
vt 0.138263 0.052646
vt 0.138256 0.049899
vt 0.141602 0.051270
vt 0.161716 0.050094
vt 0.162109 0.051270
vt 0.159196 0.049569
vt 0.159429 0.053082
vt 0.181259 0.053130
vt 0.178864 0.050511
vt 0.182402 0.050379
vt 0.182617 0.051270
vt 0.200547 0.049419
vt 0.203125 0.051270
vt 0.199238 0.051540
vt 0.222825 0.052938
vt 0.220049 0.050621
vt 0.221325 0.050967
vt 0.095634 0.029197
vt 0.095571 0.028899
vt 0.096269 0.023952
vt 0.243720 0.051696
vt 0.241072 0.053139
vt 0.240609 0.051667
vt 0.262734 0.050766
vt 0.263289 0.050941
vt 0.261457 0.052852
vt 0.271416 0.252244
vt 0.269788 0.249463
vt 0.270760 0.250929
vt 0.116627 0.029787
vt 0.118164 0.031250
vt 0.116044 0.032560
vt 0.115309 0.012179
vt 0.116334 0.010300
vt 0.118164 0.011719
vt 0.135184 0.030225
vt 0.137695 0.031250
vt 0.136612 0.032664
vt 0.137695 0.011719
vt 0.135613 0.013047
vt 0.134778 0.011526
vt 0.154908 0.030059
vt 0.156111 0.030939
vt 0.155399 0.032669
vt 0.157227 0.031250
vt 0.174979 0.031446
vt 0.174268 0.032378
vt 0.174911 0.031028
vt 0.176427 0.032656
vt 0.156250 0.012207
vt 0.155370 0.013179
vt 0.154572 0.011528
vt 0.174620 0.013654
vt 0.174047 0.012079
vt 0.175781 0.012695
vt 0.270306 0.231913
vt 0.270706 0.230001
vt 0.271484 0.230957
vt 0.269907 0.211632
vt 0.271484 0.212402
vt 0.269534 0.212479
vt 0.194405 0.032264
vt 0.194003 0.032133
vt 0.194637 0.032254
vn -0.113357 -0.206437 -0.971871
vn -0.059299 -0.794787 -0.603984
vn 0.361608 -0.543260 -0.757700
vn -0.516395 0.601632 -0.609406
vn 0.150896 -0.740358 -0.655057
vn -0.003078 -0.753391 -0.657565
vn -0.232985 -0.104051 -0.966898
vn 0.011226 -0.781409 -0.623918
vn -0.229295 0.793467 -0.563768
vn -0.044253 -0.754200 -0.655152
vn -0.007003 -0.740932 -0.671543
vn -0.111553 0.237314 -0.965007
vn 0.585075 0.806818 -0.082051
vn -0.460932 0.476231 -0.748830
vn 0.067129 0.671150 -0.738276
vn -0.822459 0.374122 -0.428479
vn 0.084079 0.553296 -0.828730
vn -0.081346 -0.780247 -0.620160
vn -0.542162 0.646714 -0.536490
vn 0.574220 0.614011 -0.541536
vn 0.188869 -0.967189 -0.169921
vn -0.637115 0.574162 -0.514221
vn 0.532092 -0.026134 -0.846283
vn 0.036223 -0.198322 -0.979467
vn -0.064124 0.584634 -0.808759
vn -0.024608 -0.217223 -0.975812
vn -0.612257 0.563875 -0.554244
vn -0.031872 0.875791 -0.481636
vn -0.076822 -0.754275 -0.652049
vn -0.769275 0.533387 -0.351731
vn 0.170183 0.286213 -0.942931
vn -0.173153 0.787949 -0.590893
vn -0.270182 0.799450 -0.536546
vn -0.006565 -0.768567 -0.639735
vn -0.442454 0.527762 -0.725053
vn 0.064815 -0.772657 -0.631506
vn -0.067792 0.395319 -0.916039
vn 0.686128 0.483116 -0.543900
vn -0.561801 0.594880 -0.574889
vn 0.017187 -0.724580 -0.688976
vn -0.046035 -0.755345 -0.653708
vn 0.337255 0.273051 -0.900945
vn 0.038348 -0.758801 -0.650192
vn -0.615013 0.570078 -0.544766
vn 0.040409 0.829616 -0.556870
vn -0.548126 0.646431 -0.530740
vn 0.016546 -0.730161 -0.683075
vn 0.502802 0.386329 -0.773265
vn -0.353334 -0.085328 -0.931598
vn -0.004943 -0.761200 -0.648498
vn -0.057344 -0.794641 -0.604366
vn 0.371877 -0.908069 -0.192660
vn -0.362885 0.665199 -0.652553
vn 0.342748 0.755960 -0.557718
vn 0.840735 -0.172829 -0.513123
vn -0.250353 -0.007974 -0.968122
vn 0.018131 -0.715532 -0.698345
vn 0.685215 0.520536 -0.509433
vn 0.639744 0.209974 -0.739350
vn 0.409888 -0.758250 -0.507000
vn -0.814067 0.484290 -0.320559
vn 0.290797 0.688452 -0.664433
vn 0.162798 -0.758322 -0.631225
vn -0.099418 -0.672575 -0.733321
vn -0.012678 -0.723937 -0.689749
vn 0.381266 0.706397 -0.596354
vn 0.035931 -0.751704 -0.658522
vn -0.062322 -0.710001 -0.701438
vn -0.889865 0.118504 -0.440564
vn 0.646296 0.420106 -0.637034
vn -0.004220 0.546864 -0.837211
vn 0.858844 -0.159662 -0.486719
vn -0.040323 -0.759775 -0.648934
vn 0.605360 0.136436 -0.784171
vn 0.498118 -0.739998 -0.451974
vn 0.247402 -0.860987 -0.444403
vn 0.329451 0.640206 -0.693973
vn -0.016969 -0.744136 -0.667812
vn 0.284121 -0.048086 -0.957582
vn -0.020090 -0.746156 -0.665468
vn 0.019677 -0.403834 -0.914620
vn -0.251924 0.646589 -0.720039
vn -0.010338 -0.772233 -0.635255
vn 0.572070 0.492923 -0.655563
vn 0.019533 -0.759743 -0.649930
vn -0.199176 0.417051 -0.886791
vn -0.154766 0.777048 -0.610117
vn -0.474360 0.427063 -0.769805
vn -0.100998 0.750674 -0.652907
vn -0.075938 -0.766040 -0.638292
vn -0.026917 -0.759160 -0.650348
vn -0.018979 -0.733110 -0.679845
vn -0.757046 0.421275 -0.499409
vn 0.062787 -0.801332 -0.594915
vn 0.635219 0.509826 -0.580151
vn -0.513725 0.652830 -0.556687
vn 0.296077 0.584263 0.755629
vn -0.185841 0.714392 -0.674616
vn -0.042774 -0.746815 -0.663654
vn 0.037050 0.184795 -0.982079
vn 0.024510 -0.783877 -0.620432
vn -0.038769 -0.751253 -0.658875
vn -0.357773 0.750505 -0.555645
vn 0.134635 0.191387 -0.972237
vn 0.164072 0.837014 -0.522003
vn 0.643400 0.533279 -0.549226
vn 0.543086 0.648681 -0.533170
vn 0.910954 -0.143470 -0.386755
vn -0.182096 0.286721 -0.940549
vn 0.691844 0.553520 -0.463645
vn 0.300979 0.821996 -0.483460
vn 0.982592 0.087105 -0.164092
vn -0.138136 -0.742259 -0.655722
vn -0.427501 0.722884 -0.542846
vn 0.568496 -0.780829 -0.259071
vn 0.656379 0.656998 -0.370838
vn 0.419690 0.285679 -0.861538
vn 0.683511 0.189464 0.704923
vn -0.046020 -0.773386 -0.632263
vn 0.190832 -0.589867 -0.784627
vn 0.098649 -0.629102 -0.771037
vn -0.409964 0.740710 -0.532239
vn 0.445651 0.617688 -0.647963
vn -0.052928 -0.740283 -0.670209
vn -0.070179 -0.777955 -0.624388
vn 0.515043 0.649650 -0.559183
vn 0.016718 -0.753118 -0.657673
vn 0.386290 -0.066537 -0.919974
vn 0.210750 0.468919 -0.857729
vn -0.331937 -0.629445 -0.702578
vn -0.381824 0.104900 -0.918263
vn 0.048104 -0.811297 -0.582652
vn -0.024596 -0.752146 -0.658538
vn 0.784573 0.400683 -0.473179
vn -0.078286 -0.981630 -0.173996
vn -0.823345 0.304971 -0.478639
vn -0.020142 -0.780382 -0.624978
vn -0.033698 -0.766532 -0.641322
vn 0.097396 0.806966 -0.582512
vn 0.458983 0.705846 -0.539552
vn 0.072439 -0.335101 -0.939393
vn -0.800069 0.428165 -0.420195
vn -0.305151 0.636748 -0.708121
vn 0.957322 0.061930 -0.282310
vn -0.817872 0.446996 -0.362326
vn -0.563498 0.604070 -0.563532
vn 0.056326 0.467071 -0.882424
vn -0.001246 -0.753830 -0.657068
vn -0.162217 0.833995 -0.527388
vn -0.521643 0.388858 -0.759393
vn -0.798751 0.015027 -0.601474
vn -0.591688 0.582205 -0.557621
vn 0.084827 -0.519134 -0.850473
vn -0.011122 0.471639 -0.881721
vn -0.653668 0.576729 -0.490002
vn -0.016890 -0.764561 -0.644330
vn 0.536556 -0.621029 -0.571342
vn -0.333138 0.287998 -0.897817
vn 0.599670 0.589974 -0.540672
vn -0.859110 0.418500 -0.294598
vn -0.021633 0.443265 -0.896130
vn 0.033681 0.722515 -0.690534
vn -0.066929 -0.117051 -0.990868
vn 0.930804 -0.118652 -0.345724
vn -0.041509 0.741453 -0.669720
vn -0.082428 -0.978192 -0.190647
vn -0.810226 0.387817 -0.439467
vn 0.229819 0.610477 -0.757959
vn -0.685869 0.560177 -0.464526
vn -0.041725 -0.754620 -0.654834
vn 0.180720 0.834223 -0.520972
vn -0.512778 0.672466 -0.533711
vn -0.325878 0.770536 -0.547794
vn -0.024368 -0.753899 -0.656538
vn 0.190979 0.213512 -0.958091
vn 0.251222 0.283405 -0.925510
vn -0.028063 0.499806 -0.865682
vn -0.628852 0.605456 -0.487820
vn 0.058879 0.660846 -0.748208
vn 0.770195 0.287662 -0.569254
vn -0.406149 -0.595322 -0.693278
vn -0.893230 0.312815 -0.322934
vn -0.352362 0.590813 -0.725797
vn 0.030535 -0.711889 -0.701628
vn -0.031089 -0.746421 -0.664748
vn 0.070949 -0.692703 -0.717724
vn 0.013267 0.438245 -0.898758
vn 0.588056 0.800351 -0.116739
vn 0.417325 0.743670 -0.522297
vn 0.318467 -0.354191 -0.879277
vn -0.028047 -0.747479 -0.663693
vn -0.844310 0.391286 -0.366110
vn 0.582745 0.473258 -0.660632
vn 0.008588 -0.741113 -0.671325
vn -0.056175 0.165433 -0.984620
vn -0.943787 0.204774 -0.259489
vn -0.273276 0.808342 -0.521443
vn -0.740921 0.309172 -0.596195
vn -0.206038 0.272757 -0.939762
vn -0.027170 -0.742416 -0.669388
vn -0.408322 0.432056 -0.804115
vn 0.386592 -0.835989 -0.389446
vn 0.096722 0.856015 -0.507821
vn -0.867538 -0.080248 -0.490855
vn 0.093338 0.060127 -0.993817
vn -0.606731 0.567134 -0.556989
vn 0.530053 -0.721248 -0.445921
vn -0.019696 0.658978 -0.751904
vn -0.259540 0.377999 -0.888682
vn 0.303554 0.596731 -0.742810
vn -0.674202 0.517424 -0.526995
vn -0.013987 -0.763285 -0.645910
vn 0.783474 0.307624 -0.539940
vn -0.469041 0.676980 -0.567184
vn 0.122354 0.799964 -0.587441
vn 0.660594 0.606464 -0.442512
vn -0.270780 0.823477 -0.498561
vn 0.850967 0.051470 -0.522692
vn -0.176208 -0.301636 -0.936999
vn 0.281672 -0.439840 -0.852761
vn -0.018795 -0.764041 -0.644893
vn -0.618554 0.554837 -0.556369
vn 0.026642 -0.754380 -0.655897
vn -0.682375 0.127692 -0.719763
vn 0.059154 0.258922 -0.964085
vn -0.196244 0.472748 -0.859068
vn -0.189139 0.961310 0.200275
vn -0.576932 0.653011 -0.490638
vn 0.132116 -0.680751 -0.720502
vn -0.033579 -0.747619 -0.663278
vn -0.039221 -0.737190 -0.674546
vn -0.010828 -0.744997 -0.666980
vn 0.585704 0.575506 -0.570740
vn -0.228990 0.800498 -0.553865
vn -0.548172 0.614608 -0.567243
vn 0.004278 -0.774308 -0.632795
vn -0.226472 -0.623772 -0.748077
vn 0.288764 0.698198 -0.655084
vn -0.349397 0.282870 -0.893256
vn -0.410393 -0.059645 -0.909956
vn -0.180579 0.459367 -0.869697
vn -0.114917 0.011418 -0.993310
vn -0.446857 0.680797 -0.580374
vn -0.018831 -0.727514 -0.685835
vn 0.047792 -0.379078 -0.924130
vn -0.344203 0.468603 -0.813594
vn -0.454598 0.668382 -0.588733
vn -0.109425 0.777437 -0.619369
vn 0.027105 -0.756251 -0.653720
vn -0.205900 0.740050 -0.640259
vn -0.024895 -0.786054 -0.617656
vn 0.326570 0.727213 -0.603750
vn 0.035838 -0.755011 -0.654732
vn -0.474781 0.645341 -0.598430
vn -0.632483 0.556882 -0.538376
vn 0.584094 0.286010 0.759626
vn 0.789246 0.100517 -0.605794
vn 0.261404 0.245085 -0.933596
vn -0.036699 0.605590 -0.794930
vn 0.150434 0.862051 -0.483981
vn 0.009686 -0.736577 -0.676284
vn 0.281794 0.397532 -0.873247
vn -0.535379 0.565940 -0.626962
vn -0.228146 0.633138 -0.739652
vn 0.047120 0.640839 -0.766228
vn -0.617211 0.551274 -0.561380
vn -0.032012 -0.751739 -0.658683
vn 0.122508 -0.166526 -0.978397
vn -0.012594 -0.728867 -0.684539
vn -0.129185 -0.663269 -0.737147
vn 0.897430 -0.003007 -0.441146
vn 0.800213 0.263435 -0.538760
vn -0.037493 -0.727748 -0.684819
vn -0.428492 0.415762 -0.802208
vn 0.079637 0.088003 -0.992932
vn 0.027255 -0.759115 -0.650386
vn -0.063748 -0.771516 -0.633008
vn 0.747261 0.407474 -0.524945
vn -0.761060 0.440304 -0.476362
vn -0.558687 0.459340 -0.690562
vn -0.841643 0.461200 -0.280948
vn -0.036702 -0.733373 -0.678835
vn 0.721690 0.163803 -0.672557
vn 0.286758 0.816440 -0.501194
vn -0.371552 0.762534 -0.529614
vn -0.189698 0.642549 -0.742392
vn -0.000831 -0.760050 -0.649864
vn 0.007898 -0.745817 -0.666104
vn -0.165255 0.868205 -0.467880
vn -0.034123 -0.730201 -0.682379
vn -0.089988 0.244230 -0.965533
vn -0.573096 0.640575 -0.511101
vn 0.018828 -0.745004 -0.666794
vn 0.002470 -0.753658 -0.657262
vn -0.038366 -0.737022 -0.674779
vn 0.215134 -0.554764 -0.803713
vn 0.345059 0.740007 -0.577342
vn -0.175196 0.732401 -0.657948
vn 0.353759 0.176261 -0.918579
vn 0.564157 0.392027 -0.726664
vn -0.231188 0.281180 -0.931391
vn -0.008539 -0.832336 -0.554206
vn 0.519152 0.633310 -0.573933
vn -0.064621 0.633951 -0.770669
vn 0.688610 0.173433 -0.704086
vn -0.182569 0.320699 -0.929420
vn -0.022497 0.748223 -0.663066
vn 0.856806 -0.036800 0.514324
vn -0.186335 -0.264103 -0.946324
vn -0.225042 0.820640 -0.525268
vn 0.679310 0.483555 -0.552008
vn -0.440010 0.650233 -0.619345
vn -0.108541 -0.730550 -0.674178
vn 0.040117 -0.722297 -0.690419
vn -0.054455 -0.756956 -0.651193
vn 0.631405 0.476810 -0.611539
vn 0.006353 -0.746845 -0.664968
vn 0.151432 -0.816418 -0.557251
vn 0.016612 -0.747958 -0.663538
vn 0.226122 0.844628 -0.485255
vn -0.010017 -0.732496 -0.680697
vn 0.737470 0.448059 -0.505352
vn 0.398028 0.880857 -0.256251
vn 0.015356 0.336771 -0.941461
vn 0.609281 0.516720 -0.601479
vn -0.585731 0.499169 -0.638552
vn 0.702781 0.464315 -0.538990
vn -0.182341 -0.738598 -0.649019
vn -0.017175 -0.752585 -0.658271
vn 0.721156 0.692250 -0.026900
vn -0.548445 0.571320 -0.610574
vn 0.622636 0.496546 -0.604786
vn 0.347187 0.321271 -0.881049
vn -0.047348 -0.759312 -0.649002
vn -0.689562 0.432183 -0.581139
vn -0.136796 0.843579 -0.519290
vn 0.708262 0.477379 -0.520071
vn -0.172481 0.319142 -0.931879
vn 0.098007 -0.746368 -0.658278
vn -0.112793 0.181073 -0.976980
vn -0.439931 0.401724 -0.803168
vn 0.471831 -0.125748 -0.872676
vn 0.360051 0.659113 -0.660252
vn 0.461539 0.704778 -0.538767
vn -0.639423 0.597311 -0.484105
vn 0.893526 0.292349 -0.340799
vn -0.713533 0.500495 -0.490281
vn 0.090417 0.861387 -0.499838
vn -0.028427 -0.736377 -0.675974
vn -0.109889 0.597051 -0.794641
vn 0.054926 0.459364 -0.886548
vn -0.262651 0.020506 -0.964673
vn -0.042720 -0.714459 -0.698371
vn 0.663996 0.722966 -0.190864
vn -0.595337 -0.708287 0.379344
vn -0.239223 0.520997 -0.819350
vn -0.424020 0.724657 -0.543212
vn -0.260612 0.807280 -0.529510
vn 0.125033 0.800209 -0.586543
vn 0.298620 -0.699849 -0.648874
vn -0.009705 -0.625393 -0.780249
vn -0.113911 0.804042 -0.583558
vn -0.008948 -0.765954 -0.642833
vn 0.353060 -0.089630 -0.931297
vn -0.561296 0.655783 -0.504871
vn -0.701693 0.476654 -0.529554
vn -0.722649 0.536849 -0.435400
vn -0.659807 0.460095 -0.594110
vn 0.489899 0.089132 -0.867211
vn 0.338494 -0.746758 -0.572516
vn -0.065505 -0.734225 -0.675738
vn -0.237244 0.308444 -0.921183
vn 0.017650 0.677652 -0.735171
vn -0.516809 0.770417 -0.373318
vn 0.607100 -0.748478 -0.266853
vn -0.024730 -0.780967 -0.624082
vn 0.209402 -0.682642 -0.700107
vn 0.979686 0.051766 -0.193742
vn 0.473599 0.705007 -0.527890
vn -0.001497 -0.720389 -0.693568
vn -0.373587 0.260813 -0.890174
vn -0.130930 0.600514 -0.788822
vn 0.690413 0.335767 -0.640773
vn -0.091084 -0.817695 -0.568400
vn 0.067372 -0.798903 -0.597675
vn 0.625653 0.580051 -0.521631
vn 0.112439 -0.812441 -0.572099
vn 0.259594 0.661592 -0.703496
vn 0.750540 0.352646 -0.558865
vn 0.787725 0.380212 -0.484694
vn -0.115987 -0.733733 -0.669465
vn -0.187258 0.595744 -0.781040
vn 0.334918 0.807342 -0.485827
vn -0.360627 0.493374 -0.791536
vn -0.094460 -0.759564 -0.643537
vn -0.015337 -0.763834 -0.645230
vn 0.622240 0.332719 -0.708601
vn 0.194636 0.294021 -0.935771
vn -0.637096 0.398180 -0.659971
vn -0.402089 0.355371 -0.843822
vn -0.333627 0.748389 -0.573243
vn -0.006422 -0.763718 -0.645518
vn -0.067048 0.775574 -0.627686
vn 0.126166 -0.436881 -0.890627
vn 0.004471 -0.721869 -0.692016
vn -0.073109 -0.738052 -0.670772
vn 0.129430 0.744787 -0.654630
vn -0.252656 0.829964 -0.497317
vn -0.498910 0.386443 -0.775725
vn 0.553443 0.237402 -0.798337
vn -0.678482 0.362165 -0.639139
vn -0.333445 0.615642 -0.714003
vn -0.020219 -0.730952 -0.682129
vn 0.152527 0.501846 -0.851403
vn -0.050340 0.525053 -0.849580
vn 0.222527 0.560619 -0.797614
vn -0.056941 -0.726680 -0.684613
vn -0.289199 0.802688 -0.521590
vn 0.777650 0.332992 -0.533269
vn 0.572800 0.081430 -0.815641
vn 0.301544 0.811219 -0.500994
vn -0.120223 -0.734856 -0.667483
vn -0.669665 0.556776 -0.491477
vn -0.599283 0.558947 -0.573096
vn 0.005286 -0.751109 -0.660157
vn -0.461601 0.487176 -0.741339
vn -0.093302 0.668501 -0.737836
vn -0.836738 0.376386 -0.397747
vn -0.407534 0.431841 -0.804630
vn -0.203199 0.270309 -0.941086
vn 0.762130 0.434974 -0.479536
vn -0.591491 0.598934 -0.539830
vn -0.822667 0.265515 -0.502714
vn -0.004090 -0.736635 -0.676278
vn -0.642833 0.556206 -0.526688
vn -0.692290 0.507486 -0.513022
vn 0.957322 0.061930 -0.282310
vn 0.420655 -0.622559 -0.659901
vn -0.315304 -0.948431 0.032596
vn -0.158048 0.413803 -0.896542
vn -0.904427 0.052500 -0.423387
vn -0.009516 -0.768027 -0.640347
vn 0.034049 0.216767 -0.975629
vn -0.376454 0.003278 -0.926430
vn 0.044628 -0.736564 -0.674894
vn -0.639221 0.550902 -0.536566
vn -0.073882 0.377298 -0.923140
vn -0.503637 0.289232 -0.814060
vn -0.039044 -0.738887 -0.672697
vn -0.165882 0.146870 -0.975147
vn -0.794106 0.458196 -0.399313
vn -0.049753 -0.614907 -0.787029
vn -0.779903 0.470241 -0.413067
vn -0.212510 0.635158 -0.742573
vn -0.051682 0.727173 -0.684506
vn 0.438685 0.697240 -0.566931
vn -0.224965 0.742801 -0.630585
vn -0.160364 0.877741 -0.451501
vn -0.134674 0.211725 -0.968006
vn -0.413081 0.733076 -0.540336
vn 0.244334 0.109441 -0.963495
vn -0.992974 0.109218 -0.045550
vn -0.466715 -0.311708 -0.827656
vn -0.010700 0.890681 -0.454502
vn -0.176247 0.763293 -0.621547
vn -0.062310 -0.946167 -0.317624
vn -0.023186 -0.775226 -0.631258
vn -0.029842 -0.784154 -0.619849
vn 0.160931 0.674598 -0.720430
vn 0.655089 -0.439750 -0.614393
vn 0.002277 -0.746070 -0.665864
vn 0.653291 -0.259836 -0.711124
vn 0.768610 0.531364 -0.356218
vn 0.006546 -0.590506 -0.807007
vn -0.014972 -0.728497 -0.684885
vn -0.628636 0.591465 -0.504962
vn -0.111820 0.799665 -0.589942
vn -0.608855 0.567937 -0.553843
vn 0.646534 0.474994 -0.596971
vn 0.302604 0.812093 -0.498934
vn -0.018470 -0.771357 -0.636135
vn -0.025504 -0.752873 -0.657671
vn -0.163628 0.117697 -0.979476
vn -0.011854 -0.728058 -0.685413
vn -0.379656 -0.752725 -0.537836
vn -0.045294 -0.721671 -0.690753
vn -0.419466 0.712532 -0.562447
vn -0.011148 -0.762532 -0.646855
vn 0.893540 0.198390 -0.402775
vn 0.102986 0.831256 -0.546267
vn -0.077723 -0.793267 -0.603892
vn -0.590525 0.268636 -0.760996
vn -0.323231 -0.940966 -0.100523
vn -0.215335 -0.620774 -0.753837
vn -0.004882 -0.747449 -0.664301
vn -0.454992 0.704065 -0.545230
vn -0.199437 -0.224237 -0.953909
vn 0.213369 -0.101360 -0.971699
vn 0.970894 0.125459 -0.204022
vn -0.272920 0.528401 -0.803932
vn -0.123477 0.678455 -0.724191
vn 0.909937 -0.095759 -0.403540
vn 0.006116 -0.735912 -0.677050
vn -0.097068 0.745623 -0.659260
vn -0.516604 0.301780 -0.801280
vn 0.040163 0.718079 -0.694802
vn -0.030228 -0.759821 -0.649429
vn -0.291600 0.775422 -0.560080
vn 0.087856 -0.431711 -0.897723
vn 0.219779 -0.574738 0.788272
vn -0.884660 0.389741 -0.255888
vn -0.639200 0.544495 -0.543092
vn -0.002306 0.305284 -0.952258
vn -0.347098 0.498439 -0.794406
vn 0.177063 -0.588179 -0.789109
vn 0.143412 0.679151 -0.719852
vn -0.725260 0.300819 -0.619279
vn -0.035520 -0.739312 -0.672425
vn 0.018818 -0.772465 -0.634779
vn 0.321255 0.805838 -0.497413
vn -0.019797 -0.770558 -0.637062
vn -0.149998 -0.663646 -0.732853
vn -0.725376 0.497493 -0.475743
vn -0.561402 0.488714 -0.667822
vn 0.063603 -0.151086 -0.986472
vn -0.034503 -0.751765 -0.658528
vn -0.559199 -0.014230 -0.828911
vn 0.946951 -0.138101 -0.290193
vn 0.942290 0.131113 -0.308057
vn -0.848523 0.454686 -0.270683
vn 0.060816 0.210503 -0.975700
vn -0.810657 0.279587 -0.514457
vn -0.037331 -0.707880 -0.705345
vn -0.053721 -0.804615 -0.591362
vn 0.232702 0.836063 -0.496838
vn -0.582855 0.484523 -0.652317
vn -0.052735 -0.737565 -0.673213
vn 0.045375 -0.431510 -0.900966
vn -0.597789 0.568003 -0.565704
vn -0.378033 0.693924 -0.612830
vn 0.943218 -0.316075 0.102159
vn -0.519944 0.363480 -0.773008
vn 0.155207 -0.034090 -0.987294
vn 0.118331 -0.213894 -0.969663
vn 0.186712 -0.515739 -0.836153
vn 0.075159 0.792026 -0.605844
vn 0.292360 0.493168 0.819336
vn 0.731362 0.434309 -0.525819
vn -0.271857 0.788434 -0.551784
vn -0.052969 -0.773416 -0.631682
vn 0.444804 0.872105 0.203916
vn -0.690861 0.517412 -0.504971
vn -0.630622 0.555874 -0.541591
vn -0.549897 0.601704 -0.579281
vn 0.834695 -0.547801 -0.056557
vn 0.324162 0.131100 -0.936874
vn -0.945496 0.142785 -0.292659
vn 0.122760 0.754629 -0.644566
vn -0.160304 -0.654230 -0.739111
vn 0.658761 0.093274 -0.746548
vn -0.845992 0.112090 -0.521280
vn 0.709517 0.459300 -0.534443
vn 0.574800 0.546217 -0.609304
vn -0.449374 0.670675 -0.590135
vn 0.032201 -0.788853 -0.613738
vn -0.844901 0.445790 -0.295658
vn -0.054832 -0.734052 -0.676876
vn -0.491622 0.661926 -0.565829
vn -0.013165 -0.761871 -0.647595
vn -0.920779 0.234508 0.311724
vn 0.025273 -0.718000 -0.695584
vn 0.918078 -0.350210 -0.185701
vn 0.163429 -0.389431 -0.906441
vn 0.063370 -0.117981 -0.990992
vn -0.732811 0.461484 -0.500021
vn -0.170004 0.514332 -0.840572
vn 0.006813 -0.744798 -0.667255
vn -0.423437 0.705026 -0.568894
vn 0.117497 -0.388928 -0.913745
vn 0.709139 0.513793 -0.482844
vn -0.160767 -0.716145 0.679184
vn -0.006344 -0.760757 -0.649006
vn 0.259461 0.104259 -0.960110
vn -0.409087 -0.266330 -0.872764
vn 0.344393 0.788441 -0.509660
vn -0.302342 0.278515 -0.911602
vn 0.621856 0.089912 -0.777953
vn -0.969830 -0.044421 -0.239700
vn -0.747901 0.593052 -0.298218
vn 0.933976 0.296204 -0.199878
vn -0.089903 -0.795579 -0.599142
vn -0.206936 0.751938 -0.625912
vn -0.024471 -0.730810 -0.682142
vn -0.007288 -0.767246 -0.641312
vn 0.016013 -0.738192 -0.674400
vn -0.584131 0.548586 -0.598201
vn -0.335970 0.468533 -0.817068
vn -0.583735 0.624223 -0.519230
vn 0.021261 0.694233 -0.719436
vn 0.230174 0.735497 -0.637231
vn 0.687232 0.552212 -0.471990
vn -0.138773 0.040841 -0.989482
vn -0.429264 -0.800380 -0.418479
vn 0.869027 0.487127 -0.086602
vn -0.009866 -0.753102 -0.657829
vn -0.048339 -0.759975 -0.648152
vn -0.048470 -0.744850 -0.665469
vn 0.569310 -0.118554 -0.813530
vn -0.014234 -0.678000 -0.734924
vn -0.116275 0.654834 -0.746775
vn 0.447117 0.641174 -0.623684
vn 0.427027 0.167871 -0.888520
vn -0.859886 0.449774 -0.241451
vn -0.171767 0.777095 -0.605491
vn 0.673993 0.482455 -0.559438
vn -0.206839 -0.517888 0.830066
vn -0.028608 0.721636 -0.691681
vn 0.465062 0.869978 -0.163875
vn -0.511914 0.236416 -0.825864
vn 0.140378 0.369126 -0.918716
vn -0.031951 -0.767264 -0.640534
vn 0.078655 0.685644 -0.723675
vn -0.111524 0.208757 -0.971588
vn 0.820018 0.139750 -0.555013
vn 0.182340 0.152055 -0.971407
vn -0.125798 0.714090 -0.688658
vn 0.031547 -0.693915 -0.719366
vn -0.648124 0.562902 -0.512910
vn 0.305005 0.825796 -0.474377
vn -0.033074 -0.748735 -0.662044
vn 0.362566 0.687281 -0.629437
vn -0.013212 -0.767079 -0.641416
vn -0.487340 -0.101468 -0.867297
vn 0.000428 -0.751496 -0.659737
vn -0.037601 -0.751292 -0.658898
vn -0.011363 -0.731990 -0.681221
vn -0.214546 0.849604 -0.481813
vn -0.021051 -0.744037 -0.667807
vn -0.816466 0.315526 -0.483557
vn -0.618729 0.608954 -0.496336
vn -0.004905 -0.784093 -0.620623
vn -0.512657 0.072963 -0.855488
vn -0.973497 0.180627 -0.140276
vn -0.631002 0.605988 -0.484371
vn -0.031129 -0.766395 -0.641615
vn -0.031597 -0.755632 -0.654233
vn -0.181239 -0.656609 -0.732132
vn -0.611021 0.554593 -0.564872
vn 0.054647 -0.761478 -0.645883
vn 0.103057 -0.744057 -0.660120
vn -0.046308 0.526399 -0.848976
vn -0.814564 0.451583 -0.364087
vn 0.470561 0.262380 -0.842454
vn -0.126945 -0.095107 -0.987340
vn -0.608689 0.602177 -0.516605
vn 0.644375 0.221711 -0.731864
vn 0.016426 -0.754714 -0.655848
vn 0.417996 0.653462 -0.631084
vn -0.246551 0.752905 -0.610202
vn -0.013290 -0.776526 -0.629945
vn 0.204861 0.702660 -0.681396
vn -0.034815 -0.760302 -0.648636
vn -0.030864 -0.738692 -0.673336
vn 0.051083 -0.751530 -0.657718
vn -0.176338 0.374808 -0.910178
vn 0.006628 -0.789429 -0.613806
vn -0.670948 0.521295 -0.527333
vn -0.084343 0.353859 -0.931488
vn 0.153679 0.364651 -0.918375
vn -0.014355 -0.744180 -0.667825
vn -0.576624 0.024512 -0.816642
vn -0.045530 -0.707571 -0.705174
vn 0.022794 -0.732387 -0.680507
vn -0.648584 0.699386 -0.300332
vn 0.019791 -0.754980 -0.655449
vn -0.311720 0.400637 -0.861580
vn -0.387315 0.158288 -0.908257
vn -0.781495 -0.527476 0.333219
vn 0.742575 0.394376 -0.541341
vn -0.629209 0.548486 -0.550690
vn -0.205314 0.460637 -0.863516
vn -0.452048 -0.147124 -0.879777
vn -0.375512 0.760543 -0.529684
vn -0.008114 -0.740569 -0.671931
vn 0.730069 0.406359 -0.549429
vn -0.023397 -0.734047 -0.678696
vn -0.533865 0.536024 -0.653962
vn -0.249852 0.760429 -0.599434
vn -0.118048 0.661784 -0.740342
vn -0.216670 -0.132450 -0.967218
vn 0.007951 -0.764413 -0.644678
vn -0.144637 0.562661 -0.813937
vn -0.515418 0.495190 -0.699380
vn 0.777714 0.211028 -0.592139
vn 0.004671 -0.763970 -0.645235
vn 0.648576 0.716096 -0.257985
vn 0.356631 0.866697 -0.348785
vn 0.115024 0.811499 -0.572921
vn 0.266717 0.088096 -0.959740
vn -0.347604 0.519786 -0.780381
vn -0.028440 -0.769316 -0.638235
vn -0.133326 -0.165017 -0.977238
vn 0.709723 0.313078 -0.631091
vn 0.382408 0.759198 -0.526672
vn -0.017355 -0.765479 -0.643227
vn -0.147366 0.877424 -0.456520
vn -0.036320 -0.761505 -0.647141
vn 0.007803 -0.766124 -0.642646
vn -0.667201 0.586560 -0.459119
vn 0.019498 -0.720243 -0.693447
vn -0.109940 0.808296 -0.578421
vn -0.070695 -0.704182 -0.706492
vn 0.024573 0.290493 -0.956561
vn -0.005097 -0.760626 -0.649170
vn -0.103713 -0.292308 -0.950684
vn 0.453786 -0.005301 -0.891095
vn -0.546448 0.389001 -0.741669
vn 0.777168 0.182962 -0.602108
vn -0.128407 0.794871 -0.593035
vn 0.500465 0.680661 -0.535009
vn -0.142499 0.557852 -0.817616
vn 0.584375 0.543562 -0.602533
vn -0.374654 0.699264 -0.608822
vn 0.111394 0.894247 -0.433491
vn 0.117046 -0.690381 -0.713915
vn 0.499810 0.607639 -0.617224
vn -0.807908 0.080051 -0.583846
vn -0.635507 0.557457 -0.534202
vn -0.316405 -0.220970 -0.922529
vn -0.727019 0.490500 -0.480471
vn -0.198204 0.851972 -0.484623
vn 0.719592 0.287783 -0.631957
vn -0.362406 0.464137 -0.808232
vn -0.183050 -0.128641 -0.974651
vn 0.006192 -0.763990 -0.645198
vn -0.623139 0.554849 -0.551216
vn 0.534071 0.646434 -0.544877
vn -0.015125 -0.755391 -0.655100
vn -0.336305 0.478680 -0.811027
vn -0.090797 -0.806659 -0.584001
vn -0.010092 -0.710179 -0.703948
vn 0.214866 0.439629 -0.872100
vn -0.267597 0.297040 -0.916602
vn 0.002777 -0.752571 -0.658506
vn -0.578231 0.555427 -0.597620
vn -0.873443 0.305151 -0.379448
vn -0.029795 -0.749758 -0.661040
vn -0.002137 -0.760223 -0.649659
vn -0.647305 0.380965 -0.660198
vn 0.987797 0.141472 0.065131
vn -0.566753 0.595901 -0.568941
vn -0.581567 0.625515 -0.520106
vn -0.029945 -0.758423 -0.651075
vn -0.515743 0.579589 -0.630940
vn 0.001758 -0.117086 -0.993120
vn 0.633661 0.569344 -0.523757
vn -0.622992 0.554753 -0.551480
vn -0.063602 -0.749639 -0.658784
vn 0.028065 -0.762719 -0.646120
vn -0.029141 -0.734259 -0.678244
vn -0.006161 -0.757386 -0.652938
vn 0.592603 -0.673766 -0.441431
vn 0.081861 -0.051023 -0.995337
vn 0.123964 -0.449129 -0.884825
vn -0.057310 0.445616 -0.893388
vn 0.177374 0.557449 -0.811042
vn 0.045978 -0.909063 -0.414114
vn -0.044458 -0.763219 -0.644609
vn 0.745402 0.397009 -0.535500
vn 0.011016 -0.760763 -0.648936
vn -0.555075 0.590792 -0.585540
vn 0.265524 0.784052 -0.561034
vn 0.151412 0.507855 -0.848032
vn 0.095478 0.762519 -0.639881
vn 0.073876 -0.743457 -0.664691
vn 0.138635 0.838580 -0.526842
vn -0.051476 -0.736740 -0.674214
vn 0.130965 0.195350 -0.971950
vn 0.044955 -0.724519 -0.687787
vn -0.001392 -0.786474 -0.617622
vn -0.021066 0.559746 -0.828397
vn -0.026711 -0.716299 -0.697282
vn 0.655535 0.515355 -0.551981
vn -0.045368 0.910975 -0.409959
vn -0.061818 0.508729 -0.858704
vn -0.621233 0.194500 -0.759104
vn 0.036644 0.360673 -0.931972
vn 0.029151 -0.757494 -0.652191
vn -0.520940 0.470332 -0.712327
vn -0.527023 0.624517 -0.576389
vn 0.122615 -0.750919 -0.648911
vn 0.027483 -0.781300 -0.623550
vn 0.074422 0.909170 -0.409722
vn 0.333064 0.457935 -0.824235
vn 0.021875 -0.763352 -0.645613
vn 0.238277 0.815867 -0.526863
vn 0.469247 0.613127 -0.635518
vn 0.124918 -0.861706 -0.491791
vn -0.631908 0.536656 -0.559189
vn -0.579612 0.636765 -0.508508
vn -0.003200 -0.722392 -0.691477
vn -0.081584 0.104130 -0.991212
vn 0.244520 0.819487 -0.518316
vn -0.054019 -0.249754 -0.966801
vn -0.541323 -0.625819 -0.561534
vn 0.106818 0.704794 -0.701324
vn 0.807433 0.361975 -0.465860
vn -0.024914 -0.731243 -0.681662
vn 0.337027 0.435548 -0.834692
vn 0.664190 0.561576 -0.493442
vn -0.040627 0.422314 -0.905539
vn -0.248063 0.602703 -0.758428
vn -0.007862 -0.771436 -0.636258
vn -0.149030 -0.130785 -0.980146
vn -0.172395 0.397634 -0.901203
vn -0.436307 -0.344582 -0.831204
vn -0.518844 0.610858 -0.598042
vn -0.073597 0.322824 -0.943593
vn -0.035369 -0.730605 -0.681884
vn -0.716172 0.515982 -0.469957
vn 0.401775 0.720624 -0.565047
vn -0.058069 -0.610484 -0.789897
vn 0.011631 -0.737624 -0.675112
vn -0.127287 0.288093 -0.949105
vn -0.653256 0.448419 -0.610062
vn 0.126372 0.217641 -0.967813
vn -0.623882 0.565494 -0.539433
vn -0.233492 0.803907 -0.547006
vn -0.004976 -0.714192 -0.699933
vn -0.624343 0.552163 -0.552551
vn 0.064515 -0.737497 -0.672262
vn -0.787019 0.291642 -0.543642
vn 0.701796 0.562624 -0.436963
vn 0.933431 0.039152 -0.356614
vn -0.664465 0.546487 -0.509743
vn -0.653398 0.554642 -0.515212
vn -0.743950 0.464648 -0.480250
vn 0.567517 0.565059 -0.598860
vn 0.591102 0.458773 -0.663420
vn 0.328532 -0.217760 -0.919047
vn 0.672907 0.457406 -0.581357
vn 0.651778 0.208020 -0.729323
vn 0.391624 0.551913 -0.736222
vn -0.008378 -0.764099 -0.645044
vn -0.641465 0.558610 -0.525811
vn 0.316127 0.805937 -0.500530
vn -0.599445 0.582069 -0.549419
vn 0.017031 -0.724249 -0.689328
vn -0.956337 -0.003847 0.292240
vn -0.509154 0.595666 -0.621244
vn 0.348908 0.785052 -0.511818
vn -0.044127 -0.730350 -0.681646
vn 0.606196 0.131332 -0.784397
vn -0.406243 0.521489 -0.750344
vn 0.520946 0.596661 -0.610419
vn -0.595082 0.637229 -0.489711
vn -0.042907 -0.748817 -0.661387
vn -0.808604 0.413426 -0.418615
vn 0.000059 0.716842 -0.697236
vn -0.020747 -0.743981 -0.667879
vn -0.215304 0.852968 -0.475488
vn 0.948396 0.213021 -0.234876
vn -0.057236 0.693725 -0.717962
vn 0.008157 -0.752099 -0.659000
vn 0.016931 -0.729772 -0.683481
vn -0.935004 0.257192 -0.244173
vn -0.766174 0.485248 -0.421321
vn 0.164158 0.841315 -0.515016
vn -0.091479 0.823556 -0.559810
vn -0.613879 0.578609 -0.536995
vn 0.110824 0.337119 -0.934917
vn -0.011862 -0.745091 -0.666857
vn 0.295364 0.780927 -0.550375
vn -0.564257 0.662421 -0.492761
vn -0.072608 -0.632465 -0.771179
vn 0.781076 0.568652 -0.257983
vn -0.046197 -0.709509 -0.703181
vn -0.389640 -0.544463 -0.742792
vn -0.015878 -0.761601 -0.647852
vn -0.880667 0.269139 -0.389858
vn 0.114301 -0.718141 -0.686446
vn 0.049021 0.291550 -0.955299
vn -0.341456 0.327626 -0.880948
vn -0.125748 0.558239 -0.820096
vn -0.715173 -0.552650 0.427907
vn 0.022486 0.134822 -0.990615
vn -0.669474 0.483940 -0.563566
vn 0.018691 -0.765523 -0.643137
vn -0.061451 -0.758922 -0.648275
vn -0.038100 -0.752498 -0.657492
vn -0.478105 0.590240 -0.650409
vn -0.953174 0.102711 -0.284446
vn -0.035246 -0.759947 -0.649029
vn -0.060367 -0.762510 -0.644155
vn 0.687751 0.705762 -0.169995
vn 0.474504 -0.058089 -0.878334
vn 0.029511 -0.732462 -0.680168
vn -0.013037 -0.743974 -0.668082
vn 0.650010 0.215721 -0.728664
vn -0.005699 -0.730163 -0.683250
vn -0.162034 0.193234 -0.967680
vn 0.015101 -0.720297 -0.693502
vn 0.318833 -0.227652 -0.920065
vn -0.052609 -0.788874 -0.612299
vn 0.238319 0.200316 -0.950304
vn 0.100673 0.858761 -0.502388
vn -0.761819 0.460703 -0.455394
vn 0.746604 0.392181 -0.537380
vn 0.124822 0.664402 -0.736878
vn 0.760582 0.511014 -0.400473
vn 0.083353 0.731432 -0.676801
vn -0.016275 -0.778401 -0.627556
vn 0.505450 0.602893 -0.617285
vn -0.111905 -0.139821 -0.983833
vn 0.756099 0.392417 -0.523760
vn 0.095693 0.361440 -0.927472
vn -0.868155 0.420005 -0.264391
vn 0.008011 0.998627 0.051764
vn 0.334878 -0.432984 -0.836888
vn 0.749474 0.156229 -0.643336
vn 0.252018 0.839887 -0.480705
vn -0.987443 0.081267 -0.135468
vn 0.526825 -0.843276 0.106492
vn -0.030164 -0.770889 -0.636255
vn 0.163192 -0.368380 -0.915240
vn 0.645297 0.047484 -0.762455
vn 0.018014 -0.737922 -0.674646
vn 0.586972 0.515617 -0.624182
vn 0.306002 0.797779 -0.519530
vn -0.623731 0.556587 -0.548790
vn 0.017125 -0.755889 -0.654476
vn -0.313658 -0.794611 -0.519820
vn 0.627018 0.611615 -0.482468
vn -0.406408 -0.230756 -0.884072
vn -0.121774 0.652715 -0.747753
vn 0.313561 -0.298019 -0.901590
vn 0.383700 0.664946 0.640797
vn -0.009040 -0.734061 -0.679023
vn 0.018566 -0.729773 -0.683437
vn 0.614458 0.254869 -0.746648
vn -0.588482 0.599659 -0.542308
vn -0.870562 0.239184 -0.430016
vn -0.629814 0.557756 -0.540594
vn -0.332207 0.276512 -0.901765
vn 0.050578 -0.671506 -0.739271
vn 0.060422 -0.714975 -0.696535
vn 0.347377 0.791751 -0.502453
vn -0.571651 0.600049 -0.559603
vn -0.239693 0.262923 -0.934569
vn -0.032918 -0.729121 -0.683593
vn -0.601421 0.629869 0.491486
vn 0.318947 0.008485 -0.947735
vn -0.064628 -0.752989 -0.654852
vn -0.437309 0.679268 -0.589369
vn 0.008434 -0.747053 -0.664711
vn 0.746282 0.412045 -0.522763
vn -0.398821 -0.547928 -0.735334
vn -0.336885 -0.848513 -0.408087
vn 0.587937 0.166799 -0.791522
vn -0.361522 0.767342 -0.529612
vn -0.554810 0.483869 -0.676799
vn 0.705347 0.438740 -0.556770
vn 0.070300 0.880753 -0.468328
vn 0.789861 0.203164 -0.578657
vn 0.288392 0.741016 -0.606404
vn -0.136099 0.691620 -0.709323
vn 0.082745 -0.711782 -0.697509
vn -0.497761 0.659912 -0.562806
vn -0.230473 0.544983 -0.806148
vn -0.461377 0.124009 -0.878495
vn 0.513569 0.669966 -0.536091
vn -0.665281 0.509145 -0.546052
vn 0.366274 0.486010 0.793497
vn -0.211585 0.531093 -0.820471
vn -0.200270 0.820642 -0.535199
vn -0.637814 0.544878 -0.544336
vn 0.062672 0.638286 -0.767244
vn 0.042912 -0.712755 -0.700099
vn -0.672006 0.585651 -0.453234
vn -0.311040 0.277199 -0.909074
vn 0.047018 0.481642 -0.875106
vn 0.011785 -0.744990 -0.666971
vn -0.032531 -0.793956 -0.607105
vn -0.815595 0.337254 -0.470176
vn 0.159977 0.469702 -0.868209
vn -0.850664 0.438109 -0.290570
vn -0.005061 -0.736199 -0.676746
vn 0.131647 0.871855 -0.471739
vn -0.220607 0.631076 -0.743690
vn 0.453164 0.744023 -0.490991
vn -0.452312 -0.462743 -0.762419
vn 0.362613 0.740193 -0.566239
vn -0.104319 0.570512 -0.814637
vn 0.648013 0.198515 -0.735303
vn -0.814416 0.395261 -0.424847
vn 0.249833 -0.956628 0.149822
vn -0.039637 -0.749976 -0.660277
vn -0.021940 0.296025 -0.954928
vn 0.401575 0.441880 -0.802172
vn 0.202707 0.727763 -0.655188
vn 0.096684 0.680186 -0.726635
vn 0.171940 0.799864 -0.575025
vn 0.624207 0.459124 -0.632117
vn 0.153676 -0.950508 -0.270034
vn 0.017664 -0.759324 -0.650473
vn 0.533269 -0.795233 -0.288495
vn -0.195744 -0.784332 -0.588648
vn 0.516169 0.731835 0.444958
vn 0.068635 0.287613 -0.955284
vn -0.042786 0.500326 -0.864779
vn -0.386365 0.654693 -0.649691
vn -0.042651 -0.753902 -0.655601
vn -0.331629 0.397205 -0.855716
vn 0.670536 0.350489 0.653865
vn 0.532712 -0.068050 -0.843556
vn 0.936724 0.002908 -0.350058
vn -0.016843 -0.730558 -0.682642
vn -0.248239 0.804328 -0.539845
vn -0.652626 0.547374 -0.523890
vn -0.593388 -0.700669 -0.396174
vn -0.263724 0.830263 -0.491032
vn -0.372633 0.575135 -0.728261
vn 0.826968 -0.372757 -0.420923
vn -0.031557 -0.722368 -0.690788
vn 0.193128 0.852674 -0.485436
vn -0.795656 0.273361 -0.540560
vn -0.062764 -0.769666 -0.635354
vn -0.339589 0.098841 -0.935366
vn -0.036861 -0.728824 -0.683708
vn -0.665442 0.551794 -0.502704
vn 0.047901 0.593463 -0.803435
vn 0.204276 0.715951 -0.667596
vn -0.861711 0.320235 -0.393578
vn -0.992275 0.063875 -0.106354
vn 0.163014 0.718033 -0.676649
vn -0.427844 0.257095 -0.866517
vn 0.451108 0.678402 -0.579890
vn 0.651572 0.496797 -0.573277
vn 0.004046 -0.730975 -0.682392
vn -0.625134 0.557911 -0.545842
vn 0.010629 -0.775931 -0.630729
vn -0.622331 0.552255 -0.554723
vn 0.040400 -0.735014 -0.676847
vn -0.010977 -0.777940 -0.628243
vn -0.042130 -0.723814 -0.688708
vn -0.236903 0.611293 -0.755115
vn -0.044371 -0.726473 -0.685761
vn 0.036066 0.603476 -0.796565
vn -0.150397 0.782780 -0.603851
vn -0.322534 0.767974 -0.553342
vn -0.081090 0.196653 -0.977114
vn 0.095080 -0.785277 -0.611800
vn -0.029289 -0.742385 -0.669334
vn 0.363786 0.930109 0.050572
vn -0.116832 0.773693 -0.622696
vn 0.047250 0.383682 -0.922256
vn 0.736791 0.666300 0.114820
vn -0.225023 0.326974 -0.917852
vn 0.829935 0.450864 -0.328526
vn 0.003808 -0.817753 -0.575557
vn -0.070383 0.769788 -0.634408
vn -0.233971 0.503314 -0.831825
vn -0.339983 -0.909903 -0.237674
vn 0.388531 -0.376651 -0.840939
vn 0.095505 0.612254 -0.784872
vn -0.089172 0.437653 -0.894711
vn 0.613183 0.456398 -0.644754
vn 0.111274 0.384888 -0.916231
vn -0.441494 0.605080 -0.662541
vn 0.580291 0.070047 -0.811391
vn -0.165448 -0.312020 -0.935559
vn 0.044395 0.838257 -0.543465
vn -0.240142 0.818296 -0.522229
vn -0.078549 0.286450 -0.954870
vn 0.665647 0.344640 -0.661919
vn -0.795243 0.506817 -0.332753
vn -0.268153 0.820094 -0.505509
vn -0.195997 0.492655 -0.847865
vn -0.272052 0.637121 -0.721155
vn -0.595052 0.595470 -0.539749
vn -0.871383 0.241434 -0.427084
vn 0.876827 -0.334461 0.345414
vn 0.007424 -0.770130 -0.637844
vn 0.375725 0.757824 -0.533417
vn 0.261878 0.801299 -0.537904
vn -0.229420 -0.158089 -0.960403
vn -0.099181 -0.116739 -0.988198
vn -0.731357 0.441525 -0.519782
vn -0.528073 0.050467 -0.847698
vn 0.261828 0.793565 -0.549274
vn 0.055520 -0.724812 -0.686706
vn 0.562882 0.179949 -0.806711
vn -0.055744 -0.766367 -0.639980
vn 0.032314 -0.715876 -0.697479
vn -0.305465 -0.645992 -0.699561
vn -0.073028 -0.790662 -0.607881
vn 0.226891 0.528581 -0.817999
vn -0.609644 0.513596 -0.603783
vn -0.334327 0.701172 -0.629748
vn -0.285469 0.791666 -0.540159
vn 0.914720 -0.006081 0.404044
vn 0.456434 0.128519 -0.880426
vn 0.016832 -0.757515 -0.652601
vn 0.980396 -0.196843 0.008776
vn 0.752818 0.453060 -0.477495
vn 0.286139 0.817120 -0.500440
vn 0.764145 0.356070 -0.537863
vn -0.073426 0.526907 -0.846745
vn -0.077280 0.688457 -0.721148
vn -0.596056 -0.599169 -0.534522
vn -0.166590 0.509221 -0.844359
vn 0.563373 0.680961 -0.467871
vn -0.024121 -0.764724 -0.643906
vn 0.299437 -0.933444 -0.197532
vn 0.072439 -0.335101 -0.939393
vn 0.072439 -0.335101 -0.939393
vn 0.957322 0.061930 -0.282310
vn 0.813617 0.580713 0.028265
usemtl material0000
f 539/1/539 44/2/44 432/3/432
f 539/1/539 206/4/206 44/2/44
f 432/3/432 44/2/44 941/5/941
f 539/1/539 432/3/432 948/6/948
f 799/7/799 44/2/44 206/4/206
f 539/1/539 799/7/799 206/4/206
f 941/5/941 44/2/44 512/8/512
f 941/5/941 292/9/292 432/3/432
f 432/3/432 1080/10/1080 948/6/948
f 539/1/539 948/6/948 152/11/152
f 799/7/799 976/12/976 44/2/44
f 539/1/539 976/12/976 799/7/799
f 976/12/976 512/8/512 44/2/44
f 512/8/512 827/13/827 941/5/941
f 941/5/941 752/14/752 292/9/292
f 432/3/432 292/9/292 856/15/856
f 96/16/96 948/6/948 1080/10/1080
f 235/17/235 152/11/152 948/6/948
f 152/11/152 27/18/27 539/1/539
f 27/18/27 976/12/976 539/1/539
f 512/8/512 976/12/976 436/19/436
f 512/8/512 436/19/436 827/13/827
f 752/14/752 941/5/941 827/13/827
f 365/20/365 292/9/292 752/14/752
f 640/21/640 432/3/432 856/15/856
f 96/16/96 655/22/655 948/6/948
f 235/17/235 39/23/39 152/11/152
f 46/24/46 235/17/235 948/6/948
f 27/18/27 152/11/152 478/25/478
f 27/18/27 222/26/222 976/12/976
f 820/27/820 436/19/436 976/12/976
f 436/19/436 835/28/835 827/13/827
f 752/14/752 827/13/827 178/29/178
f 365/20/365 752/14/752 598/30/598
f 365/20/365 771/31/771 292/9/292
f 800/32/800 640/21/640 856/15/856
f 800/32/800 655/22/655 96/16/96
f 817/33/817 948/6/948 655/22/655
f 790/34/790 39/23/39 235/17/235
f 751/35/751 152/11/152 39/23/39
f 46/24/46 968/36/968 235/17/235
f 478/25/478 757/37/757 27/18/27
f 152/11/152 751/35/751 478/25/478
f 424/38/424 222/26/222 27/18/27
f 222/26/222 1042/39/1042 976/12/976
f 820/27/820 976/12/976 1030/40/1030
f 730/41/730 835/28/835 436/19/436
f 178/29/178 827/13/827 835/28/835
f 598/30/598 752/14/752 178/29/178
f 292/9/292 771/31/771 1019/42/1019
f 800/32/800 96/16/96 640/21/640
f 948/6/948 817/33/817 968/36/968
f 366/43/366 817/33/817 655/22/655
f 790/34/790 4/44/4 39/23/39
f 568/45/568 790/34/790 235/17/235
f 4/44/4 751/35/751 39/23/39
f 235/17/235 968/36/968 568/45/568
f 478/25/478 870/46/870 757/37/757
f 648/47/648 27/18/27 757/37/757
f 478/25/478 751/35/751 870/46/870
f 424/38/424 266/48/266 222/26/222
f 27/18/27 648/47/648 424/38/424
f 976/12/976 1042/39/1042 446/49/446
f 266/48/266 1042/39/1042 222/26/222
f 446/49/446 1030/40/1030 976/12/976
f 820/27/820 1030/40/1030 30/50/30
f 730/41/730 169/51/169 835/28/835
f 730/41/730 436/19/436 858/52/858
f 835/28/835 169/51/169 178/29/178
f 280/53/280 1019/42/1019 771/31/771
f 1019/42/1019 228/54/228 292/9/292
f 243/55/243 968/36/968 817/33/817
f 366/43/366 209/56/209 817/33/817
f 790/34/790 568/45/568 4/44/4
f 891/57/891 751/35/751 4/44/4
f 496/58/496 568/45/568 968/36/968
f 870/46/870 255/59/255 757/37/757
f 648/47/648 757/37/757 255/59/255
f 870/46/870 751/35/751 554/60/554
f 424/38/424 648/47/648 266/48/266
f 1042/39/1042 680/61/680 446/49/446
f 943/62/943 1042/39/1042 266/48/266
f 728/63/728 1030/40/1030 446/49/446
f 453/64/453 730/41/730 858/52/858
f 178/29/178 169/51/169 368/65/368
f 961/66/961 1019/42/1019 280/53/280
f 771/31/771 150/67/150 280/53/280
f 907/68/907 228/54/228 1019/42/1019
f 214/69/214 968/36/968 243/55/243
f 243/55/243 817/33/817 247/70/247
f 1099/71/1099 817/33/817 209/56/209
f 209/56/209 366/43/366 240/72/240
f 568/45/568 954/73/954 4/44/4
f 554/60/554 751/35/751 891/57/891
f 14/74/14 891/57/891 4/44/4
f 568/45/568 496/58/496 114/75/114
f 214/69/214 496/58/496 968/36/968
f 255/59/255 870/46/870 22/76/22
f 255/59/255 266/48/266 648/47/648
f 554/60/554 22/76/22 870/46/870
f 680/61/680 728/63/728 446/49/446
f 1042/39/1042 943/62/943 680/61/680
f 930/77/930 943/62/943 266/48/266
f 728/63/728 345/78/345 1030/40/1030
f 961/66/961 832/79/832 1019/42/1019
f 240/72/240 961/66/961 280/53/280
f 280/53/280 150/67/150 240/72/240
f 771/31/771 597/80/597 150/67/150
f 228/54/228 907/68/907 655/22/655
f 1019/42/1019 366/43/366 907/68/907
f 243/55/243 254/81/254 214/69/214
f 1099/71/1099 247/70/247 817/33/817
f 243/55/243 247/70/247 254/81/254
f 504/82/504 1099/71/1099 209/56/209
f 339/83/339 209/56/209 240/72/240
f 4/44/4 954/73/954 564/84/564
f 568/45/568 487/85/487 954/73/954
f 891/57/891 1022/86/1022 554/60/554
f 14/74/14 739/87/739 891/57/891
f 4/44/4 263/88/263 14/74/14
f 683/89/683 114/75/114 496/58/496
f 114/75/114 487/85/487 568/45/568
f 496/58/496 214/69/214 578/90/578
f 255/59/255 22/76/22 836/91/836
f 266/48/266 255/59/255 930/77/930
f 554/60/554 850/92/850 22/76/22
f 728/63/728 680/61/680 1040/93/1040
f 736/94/736 680/61/680 943/62/943
f 930/77/930 836/91/836 943/62/943
f 553/95/553 345/78/345 728/63/728
f 961/66/961 240/72/240 832/79/832
f 240/72/240 150/67/150 444/96/444
f 597/80/597 444/96/444 150/67/150
f 687/97/687 597/80/597 771/31/771
f 228/54/228 655/22/655 856/15/856
f 254/81/254 578/90/578 214/69/214
f 247/70/247 1099/71/1099 578/90/578
f 247/70/247 578/90/578 254/81/254
f 415/98/415 504/82/504 209/56/209
f 504/82/504 508/99/508 1099/71/1099
f 220/100/220 209/56/209 339/83/339
f 339/83/339 240/72/240 444/96/444
f 53/101/53 564/84/564 954/73/954
f 4/44/4 564/84/564 263/88/263
f 401/102/401 954/73/954 487/85/487
f 1022/86/1022 891/57/891 739/87/739
f 554/60/554 1022/86/1022 850/92/850
f 739/87/739 14/74/14 665/103/665
f 14/74/14 263/88/263 326/104/326
f 683/89/683 496/58/496 103/105/103
f 683/89/683 285/106/285 114/75/114
f 114/75/114 285/106/285 487/85/487
f 103/105/103 496/58/496 578/90/578
f 836/91/836 22/76/22 423/107/423
f 836/91/836 930/77/930 255/59/255
f 847/108/847 22/76/22 850/92/850
f 1040/93/1040 680/61/680 830/109/830
f 553/95/553 728/63/728 1040/93/1040
f 830/109/830 680/61/680 736/94/736
f 736/94/736 943/62/943 845/110/845
f 943/62/943 836/91/836 423/107/423
f 667/111/667 345/78/345 553/95/553
f 687/97/687 444/96/444 597/80/597
f 19/112/19 687/97/687 771/31/771
f 103/105/103 578/90/578 1099/71/1099
f 415/98/415 505/113/505 504/82/504
f 220/100/220 415/98/415 209/56/209
f 504/82/504 723/114/723 508/99/508
f 1099/71/1099 508/99/508 103/105/103
f 339/83/339 444/96/444 452/115/452
f 1079/116/1079 564/84/564 53/101/53
f 53/101/53 954/73/954 401/102/401
f 173/117/173 401/102/401 487/85/487
f 739/87/739 815/118/815 1022/86/1022
f 514/119/514 850/92/850 1022/86/1022
f 815/118/815 739/87/739 665/103/665
f 14/74/14 676/120/676 665/103/665
f 326/104/326 35/121/35 14/74/14
f 326/104/326 263/88/263 754/122/754
f 683/89/683 103/105/103 960/123/960
f 683/89/683 1050/124/1050 285/106/285
f 173/117/173 487/85/487 285/106/285
f 423/107/423 22/76/22 847/108/847
f 847/108/847 850/92/850 854/125/854
f 553/95/553 1040/93/1040 830/109/830
f 211/126/211 830/109/830 736/94/736
f 709/127/709 845/110/845 943/62/943
f 628/128/628 736/94/736 845/110/845
f 943/62/943 423/107/423 979/129/979
f 367/130/367 345/78/345 667/111/667
f 667/111/667 553/95/553 279/131/279
f 368/65/368 444/96/444 687/97/687
f 598/30/598 687/97/687 19/112/19
f 415/98/415 883/132/883 505/113/505
f 504/82/504 505/113/505 723/114/723
f 220/100/220 883/132/883 415/98/415
f 122/133/122 508/99/508 723/114/723
f 103/105/103 508/99/508 960/123/960
f 452/115/452 444/96/444 1089/134/1089
f 339/83/339 452/115/452 472/135/472
f 312/136/312 564/84/564 1079/116/1079
f 1079/116/1079 53/101/53 86/137/86
f 401/102/401 412/138/412 53/101/53
f 33/139/33 401/102/401 173/117/173
f 815/118/815 514/119/514 1022/86/1022
f 514/119/514 854/125/854 850/92/850
f 815/118/815 665/103/665 668/140/668
f 676/120/676 14/74/14 35/121/35
f 665/103/665 676/120/676 86/137/86
f 754/122/754 35/121/35 326/104/326
f 172/141/172 754/122/754 263/88/263
f 960/123/960 1050/124/1050 683/89/683
f 285/106/285 1050/124/1050 173/117/173
f 847/108/847 979/129/979 423/107/423
f 847/108/847 854/125/854 733/142/733
f 830/109/830 972/143/972 553/95/553
f 211/126/211 972/143/972 830/109/830
f 736/94/736 628/128/628 211/126/211
f 943/62/943 979/129/979 709/127/709
f 709/127/709 644/144/644 845/110/845
f 644/144/644 628/128/628 845/110/845
f 16/145/16 367/130/367 667/111/667
f 16/145/16 667/111/667 279/131/279
f 972/143/972 279/131/279 553/95/553
f 1089/134/1089 444/96/444 368/65/368
f 368/65/368 687/97/687 598/30/598
f 505/113/505 883/132/883 399/146/399
f 505/113/505 399/146/399 723/114/723
f 960/123/960 508/99/508 122/133/122
f 122/133/122 723/114/723 331/147/331
f 190/148/190 339/83/339 472/135/472
f 312/136/312 172/141/172 564/84/564
f 1079/116/1079 35/121/35 312/136/312
f 412/138/412 86/137/86 53/101/53
f 676/120/676 1079/116/1079 86/137/86
f 143/149/143 412/138/412 401/102/401
f 1050/124/1050 33/139/33 173/117/173
f 33/139/33 418/150/418 401/102/401
f 815/118/815 306/151/306 514/119/514
f 854/125/854 514/119/514 306/151/306
f 787/152/787 668/140/668 665/103/665
f 815/118/815 668/140/668 12/153/12
f 1079/116/1079 676/120/676 35/121/35
f 665/103/665 86/137/86 787/152/787
f 754/122/754 312/136/312 35/121/35
f 172/141/172 312/136/312 754/122/754
f 460/154/460 1050/124/1050 960/123/960
f 733/142/733 854/125/854 306/151/306
f 847/108/847 733/142/733 146/155/146
f 136/156/136 972/143/972 211/126/211
f 347/157/347 211/126/211 628/128/628
f 972/143/972 1088/158/1088 279/131/279
f 1089/134/1089 368/65/368 517/159/517
f 399/146/399 331/147/331 723/114/723
f 960/123/960 122/133/122 460/154/460
f 122/133/122 331/147/331 460/154/460
f 190/148/190 472/135/472 899/160/899
f 143/149/143 86/137/86 412/138/412
f 401/102/401 1100/161/1100 143/149/143
f 358/162/358 33/139/33 1050/124/1050
f 401/102/401 418/150/418 1100/161/1100
f 12/153/12 306/151/306 815/118/815
f 668/140/668 787/152/787 1066/163/1066
f 1066/163/1066 12/153/12 668/140/668
f 195/164/195 787/152/787 86/137/86
f 460/154/460 540/165/540 1050/124/1050
f 459/166/459 733/142/733 306/151/306
f 146/155/146 476/167/476 847/108/847
f 428/168/428 136/156/136 211/126/211
f 136/156/136 1088/158/1088 972/143/972
f 575/169/575 347/157/347 628/128/628
f 1089/134/1089 517/159/517 588/170/588
f 399/146/399 394/171/394 331/147/331
f 540/165/540 460/154/460 331/147/331
f 472/135/472 601/172/601 899/160/899
f 143/149/143 195/164/195 86/137/86
f 549/173/549 143/149/143 1100/161/1100
f 1050/124/1050 688/174/688 358/162/358
f 459/166/459 306/151/306 12/153/12
f 787/152/787 785/175/785 1066/163/1066
f 199/176/199 12/153/12 1066/163/1066
f 787/152/787 195/164/195 556/177/556
f 1050/124/1050 540/165/540 688/174/688
f 201/178/201 733/142/733 459/166/459
f 146/155/146 435/179/435 476/167/476
f 136/156/136 557/180/557 1088/158/1088
f 984/181/984 347/157/347 575/169/575
f 575/169/575 628/128/628 867/182/867
f 540/165/540 331/147/331 394/171/394
f 472/135/472 499/183/499 601/172/601
f 195/164/195 143/149/143 381/184/381
f 143/149/143 549/173/549 592/185/592
f 688/174/688 1018/186/1018 358/162/358
f 12/153/12 602/187/602 459/166/459
f 1056/188/1056 785/175/785 787/152/787
f 884/189/884 1066/163/1066 785/175/785
f 1066/163/1066 681/190/681 199/176/199
f 12/153/12 199/176/199 602/187/602
f 556/177/556 195/164/195 461/191/461
f 1056/188/1056 787/152/787 556/177/556
f 688/174/688 540/165/540 250/192/250
f 201/178/201 459/166/459 341/193/341
f 136/156/136 880/194/880 557/180/557
f 93/195/93 347/157/347 984/181/984
f 984/181/984 575/169/575 167/196/167
f 628/128/628 155/197/155 867/182/867
f 575/169/575 867/182/867 167/196/167
f 250/192/250 540/165/540 394/171/394
f 601/172/601 499/183/499 354/198/354
f 381/184/381 143/149/143 981/199/981
f 195/164/195 381/184/381 981/199/981
f 549/173/549 1073/200/1073 592/185/592
f 143/149/143 592/185/592 71/201/71
f 9/202/9 1018/186/1018 688/174/688
f 1018/186/1018 1077/203/1077 358/162/358
f 602/187/602 1087/204/1087 459/166/459
f 1056/188/1056 274/205/274 785/175/785
f 785/175/785 1108/206/1108 884/189/884
f 884/189/884 681/190/681 1066/163/1066
f 199/176/199 681/190/681 241/207/241
f 949/208/949 602/187/602 199/176/199
f 205/209/205 556/177/556 461/191/461
f 195/164/195 981/199/981 461/191/461
f 225/210/225 1056/188/1056 556/177/556
f 250/192/250 659/211/659 688/174/688
f 201/178/201 341/193/341 435/179/435
f 483/212/483 341/193/341 459/166/459
f 984/181/984 428/168/428 93/195/93
f 167/196/167 142/213/142 984/181/984
f 1061/214/1061 250/192/250 394/171/394
f 354/198/354 720/215/720 601/172/601
f 981/199/981 143/149/143 71/201/71
f 975/216/975 592/185/592 1073/200/1073
f 592/185/592 651/217/651 71/201/71
f 688/174/688 659/211/659 9/202/9
f 234/218/234 1018/186/1018 9/202/9
f 1018/186/1018 234/218/234 1077/203/1077
f 602/187/602 309/219/309 1087/204/1087
f 1087/204/1087 483/212/483 459/166/459
f 1056/188/1056 623/220/623 274/205/274
f 274/205/274 623/220/623 785/175/785
f 1108/206/1108 785/175/785 513/221/513
f 1108/206/1108 350/222/350 884/189/884
f 884/189/884 350/222/350 681/190/681
f 241/207/241 1111/223/1111 199/176/199
f 681/190/681 350/222/350 241/207/241
f 690/224/690 602/187/602 949/208/949
f 199/176/199 1111/223/1111 949/208/949
f 461/191/461 826/225/826 205/209/205
f 225/210/225 556/177/556 205/209/205
f 981/199/981 71/201/71 461/191/461
f 205/209/205 1056/188/1056 225/210/225
f 234/218/234 659/211/659 250/192/250
f 435/179/435 341/193/341 155/197/155
f 483/212/483 734/226/734 341/193/341
f 984/181/984 142/213/142 428/168/428
f 394/171/394 610/227/610 1061/214/1061
f 250/192/250 1061/214/1061 234/218/234
f 720/215/720 354/198/354 516/228/516
f 601/172/601 720/215/720 1001/229/1001
f 592/185/592 975/216/975 1049/230/1049
f 1073/200/1073 731/231/731 975/216/975
f 592/185/592 1049/230/1049 651/217/651
f 651/217/651 826/225/826 71/201/71
f 9/202/9 659/211/659 234/218/234
f 408/232/408 1077/203/1077 234/218/234
f 309/219/309 483/212/483 1087/204/1087
f 109/233/109 309/219/309 602/187/602
f 1056/188/1056 205/209/205 623/220/623
f 513/221/513 785/175/785 623/220/623
f 351/234/351 1108/206/1108 513/221/513
f 350/222/350 1108/206/1108 304/235/304
f 1111/223/1111 241/207/241 350/222/350
f 814/236/814 602/187/602 690/224/690
f 949/208/949 944/237/944 690/224/690
f 1111/223/1111 454/238/454 949/208/949
f 71/201/71 826/225/826 461/191/461
f 1051/239/1051 205/209/205 826/225/826
f 552/240/552 155/197/155 341/193/341
f 309/219/309 734/226/734 483/212/483
f 734/226/734 7/241/7 341/193/341
f 394/171/394 339/83/339 610/227/610
f 599/242/599 1061/214/1061 610/227/610
f 149/243/149 234/218/234 1061/214/1061
f 720/215/720 516/228/516 631/244/631
f 1001/229/1001 720/215/720 631/244/631
f 1001/229/1001 1097/245/1097 601/172/601
f 336/246/336 1049/230/1049 975/216/975
f 1073/200/1073 861/247/861 731/231/731
f 501/248/501 651/217/651 1049/230/1049
f 826/225/826 651/217/651 1051/239/1051
f 234/218/234 637/249/637 408/232/408
f 109/233/109 602/187/602 814/236/814
f 309/219/309 109/233/109 642/250/642
f 1051/239/1051 623/220/623 205/209/205
f 623/220/623 886/251/886 513/221/513
f 1108/206/1108 351/234/351 304/235/304
f 104/252/104 351/234/351 513/221/513
f 350/222/350 304/235/304 1111/223/1111
f 814/236/814 690/224/690 26/253/26
f 949/208/949 454/238/454 944/237/944
f 944/237/944 1086/254/1086 690/224/690
f 1111/223/1111 304/235/304 454/238/454
f 341/193/341 340/255/340 552/240/552
f 309/219/309 7/241/7 734/226/734
f 341/193/341 7/241/7 340/255/340
f 599/242/599 689/256/689 1061/214/1061
f 28/257/28 149/243/149 1061/214/1061
f 1001/229/1001 631/244/631 516/228/516
f 1097/245/1097 750/258/750 601/172/601
f 1001/229/1001 426/259/426 1097/245/1097
f 1049/230/1049 336/246/336 869/260/869
f 975/216/975 289/261/289 336/246/336
f 1073/200/1073 1021/262/1021 861/247/861
f 501/248/501 1049/230/1049 1109/263/1109
f 501/248/501 1109/263/1109 651/217/651
f 651/217/651 1109/263/1109 1051/239/1051
f 814/236/814 24/264/24 109/233/109
f 463/265/463 309/219/309 642/250/642
f 109/233/109 1013/266/1013 642/250/642
f 623/220/623 1051/239/1051 886/251/886
f 513/221/513 886/251/886 104/252/104
f 351/234/351 177/267/177 304/235/304
f 175/268/175 351/234/351 104/252/104
f 1071/269/1071 26/253/26 690/224/690
f 1071/269/1071 814/236/814 26/253/26
f 500/270/500 944/237/944 454/238/454
f 944/237/944 372/271/372 1086/254/1086
f 690/224/690 1086/254/1086 1071/269/1071
f 454/238/454 304/235/304 455/272/455
f 552/240/552 340/255/340 131/273/131
f 463/265/463 7/241/7 309/219/309
f 340/255/340 7/241/7 463/265/463
f 599/242/599 373/274/373 689/256/689
f 1061/214/1061 689/256/689 45/275/45
f 516/228/516 965/276/965 1001/229/1001
f 750/258/750 1097/245/1097 910/277/910
f 869/260/869 1109/263/1109 1049/230/1049
f 217/278/217 1021/262/1021 1073/200/1073
f 1051/239/1051 1109/263/1109 226/279/226
f 1071/269/1071 24/264/24 814/236/814
f 755/280/755 109/233/109 24/264/24
f 727/281/727 463/265/463 642/250/642
f 969/282/969 642/250/642 1013/266/1013
f 264/283/264 1013/266/1013 109/233/109
f 882/284/882 886/251/886 1051/239/1051
f 104/252/104 886/251/886 398/285/398
f 351/234/351 291/286/291 177/267/177
f 721/287/721 304/235/304 177/267/177
f 175/268/175 291/286/291 351/234/351
f 175/268/175 104/252/104 291/286/291
f 454/238/454 298/288/298 500/270/500
f 372/271/372 944/237/944 500/270/500
f 802/289/802 1086/254/1086 372/271/372
f 1071/269/1071 1086/254/1086 715/290/715
f 454/238/454 455/272/455 87/291/87
f 721/287/721 455/272/455 304/235/304
f 545/292/545 131/273/131 340/255/340
f 463/265/463 545/292/545 340/255/340
f 689/256/689 373/274/373 859/293/859
f 689/256/689 859/293/859 45/275/45
f 1001/229/1001 965/276/965 698/294/698
f 516/228/516 407/295/407 965/276/965
f 1072/296/1072 1109/263/1109 869/260/869
f 882/284/882 1051/239/1051 226/279/226
f 226/279/226 1109/263/1109 909/297/909
f 715/290/715 24/264/24 1071/269/1071
f 755/280/755 100/298/100 109/233/109
f 755/280/755 24/264/24 498/299/498
f 463/265/463 727/281/727 204/300/204
f 224/301/224 727/281/727 642/250/642
f 969/282/969 1062/302/1062 642/250/642
f 969/282/969 1013/266/1013 980/303/980
f 109/233/109 286/304/286 264/283/264
f 264/283/264 980/303/980 1013/266/1013
f 882/284/882 398/285/398 886/251/886
f 773/305/773 104/252/104 398/285/398
f 291/286/291 301/306/301 177/267/177
f 721/287/721 177/267/177 301/306/301
f 291/286/291 104/252/104 37/307/37
f 454/238/454 614/308/614 298/288/298
f 500/270/500 298/288/298 966/309/966
f 500/270/500 966/309/966 372/271/372
f 802/289/802 715/290/715 1086/254/1086
f 802/289/802 372/271/372 781/310/781
f 87/291/87 455/272/455 362/311/362
f 87/291/87 614/308/614 454/238/454
f 721/287/721 692/312/692 455/272/455
f 545/292/545 561/313/561 131/273/131
f 561/313/561 545/292/545 463/265/463
f 45/275/45 859/293/859 179/314/179
f 1001/229/1001 698/294/698 465/315/465
f 796/316/796 698/294/698 965/276/965
f 933/317/933 965/276/965 407/295/407
f 516/228/516 1098/318/1098 407/295/407
f 909/297/909 1109/263/1109 1072/296/1072
f 1072/296/1072 869/260/869 464/319/464
f 882/284/882 226/279/226 909/297/909
f 715/290/715 579/320/579 24/264/24
f 755/280/755 498/299/498 100/298/100
f 109/233/109 100/298/100 1068/321/1068
f 79/322/79 498/299/498 24/264/24
f 561/313/561 463/265/463 204/300/204
f 433/323/433 204/300/204 727/281/727
f 411/324/411 727/281/727 224/301/224
f 224/301/224 642/250/642 619/325/619
f 642/250/642 1062/302/1062 382/326/382
f 25/327/25 1062/302/1062 969/282/969
f 286/304/286 109/233/109 516/228/516
f 286/304/286 252/328/252 264/283/264
f 398/285/398 882/284/882 909/297/909
f 773/305/773 37/307/37 104/252/104
f 398/285/398 909/297/909 773/305/773
f 291/286/291 677/329/677 301/306/301
f 721/287/721 301/306/301 586/330/586
f 291/286/291 37/307/37 677/329/677
f 298/288/298 614/308/614 248/331/248
f 966/309/966 298/288/298 248/331/248
f 935/332/935 372/271/372 966/309/966
f 715/290/715 802/289/802 763/333/763
f 1031/334/1031 802/289/802 781/310/781
f 781/310/781 372/271/372 935/332/935
f 477/335/477 362/311/362 455/272/455
f 362/311/362 711/336/711 87/291/87
f 711/336/711 614/308/614 87/291/87
f 721/287/721 586/330/586 692/312/692
f 455/272/455 692/312/692 626/337/626
f 179/314/179 859/293/859 622/338/622
f 546/339/546 45/275/45 179/314/179
f 698/294/698 162/340/162 465/315/465
f 1001/229/1001 465/315/465 1011/341/1011
f 796/316/796 806/342/806 698/294/698
f 796/316/796 965/276/965 1112/343/1112
f 110/344/110 965/276/965 933/317/933
f 516/228/516 1068/321/1068 1098/318/1098
f 215/345/215 909/297/909 1072/296/1072
f 869/260/869 706/346/706 464/319/464
f 715/290/715 763/333/763 579/320/579
f 79/322/79 24/264/24 579/320/579
f 100/298/100 498/299/498 305/347/305
f 109/233/109 1068/321/1068 516/228/516
f 100/298/100 305/347/305 1068/321/1068
f 410/348/410 498/299/498 79/322/79
f 204/300/204 433/323/433 561/313/561
f 433/323/433 727/281/727 411/324/411
f 224/301/224 299/349/299 411/324/411
f 224/301/224 619/325/619 299/349/299
f 642/250/642 382/326/382 457/350/457
f 382/326/382 1062/302/1062 25/327/25
f 264/283/264 252/328/252 724/351/724
f 37/307/37 773/305/773 911/352/911
f 773/305/773 909/297/909 215/345/215
f 633/353/633 301/306/301 677/329/677
f 1036/354/1036 586/330/586 301/306/301
f 677/329/677 37/307/37 989/355/989
f 614/308/614 711/336/711 248/331/248
f 966/309/966 248/331/248 165/356/165
f 935/332/935 966/309/966 165/356/165
f 802/289/802 1031/334/1031 763/333/763
f 165/356/165 1031/334/1031 781/310/781
f 935/332/935 165/356/165 781/310/781
f 477/335/477 32/357/32 362/311/362
f 455/272/455 626/337/626 477/335/477
f 362/311/362 719/358/719 711/336/711
f 692/312/692 586/330/586 1078/359/1078
f 626/337/626 692/312/692 812/360/812
f 546/339/546 179/314/179 359/361/359
f 546/339/546 203/362/203 45/275/45
f 698/294/698 506/363/506 162/340/162
f 465/315/465 162/340/162 427/364/427
f 1011/341/1011 745/365/745 1001/229/1001
f 1011/341/1011 465/315/465 82/366/82
f 796/316/796 62/367/62 806/342/806
f 698/294/698 806/342/806 506/363/506
f 1112/343/1112 965/276/965 110/344/110
f 1112/343/1112 403/368/403 796/316/796
f 903/369/903 579/320/579 763/333/763
f 79/322/79 579/320/579 369/370/369
f 305/347/305 498/299/498 410/348/410
f 1068/321/1068 305/347/305 389/371/389
f 79/322/79 940/372/940 410/348/410
f 142/213/142 433/323/433 411/324/411
f 299/349/299 129/373/129 411/324/411
f 1075/374/1075 457/350/457 382/326/382
f 25/327/25 1075/374/1075 382/326/382
f 911/352/911 773/305/773 215/345/215
f 37/307/37 911/352/911 307/375/307
f 527/376/527 633/353/633 677/329/677
f 1036/354/1036 301/306/301 633/353/633
f 633/353/633 586/330/586 1036/354/1036
f 307/375/307 989/355/989 37/307/37
f 677/329/677 989/355/989 542/377/542
f 719/358/719 248/331/248 711/336/711
f 165/356/165 248/331/248 1055/378/1055
f 414/379/414 763/333/763 1031/334/1031
f 165/356/165 617/380/617 1031/334/1031
f 719/358/719 362/311/362 32/357/32
f 32/357/32 477/335/477 98/381/98
f 626/337/626 98/381/98 477/335/477
f 812/360/812 692/312/692 1078/359/1078
f 811/382/811 1078/359/1078 586/330/586
f 812/360/812 98/381/98 626/337/626
f 546/339/546 359/361/359 1002/383/1002
f 1002/383/1002 203/362/203 546/339/546
f 506/363/506 427/364/427 162/340/162
f 427/364/427 1048/384/1048 465/315/465
f 1011/341/1011 825/385/825 745/365/745
f 1046/386/1046 82/366/82 465/315/465
f 1011/341/1011 82/366/82 1069/387/1069
f 796/316/796 17/388/17 62/367/62
f 863/389/863 806/342/806 62/367/62
f 506/363/506 806/342/806 259/390/259
f 1112/343/1112 110/344/110 962/391/962
f 624/392/624 403/368/403 1112/343/1112
f 403/368/403 15/393/15 796/316/796
f 369/370/369 579/320/579 903/369/903
f 903/369/903 763/333/763 176/394/176
f 79/322/79 369/370/369 940/372/940
f 410/348/410 386/395/386 305/347/305
f 305/347/305 810/396/810 389/371/389
f 1068/321/1068 389/371/389 1082/397/1082
f 84/398/84 410/348/410 940/372/940
f 411/324/411 335/399/335 142/213/142
f 299/349/299 499/183/499 129/373/129
f 48/400/48 457/350/457 1075/374/1075
f 215/345/215 906/401/906 911/352/911
f 911/352/911 776/402/776 307/375/307
f 633/353/633 527/376/527 1028/403/1028
f 542/377/542 527/376/527 677/329/677
f 352/404/352 586/330/586 633/353/633
f 307/375/307 139/405/139 989/355/989
f 993/406/993 542/377/542 989/355/989
f 1055/378/1055 248/331/248 719/358/719
f 617/380/617 165/356/165 1055/378/1055
f 414/379/414 1031/334/1031 469/407/469
f 176/394/176 763/333/763 414/379/414
f 1031/334/1031 617/380/617 469/407/469
f 719/358/719 32/357/32 1055/378/1055
f 32/357/32 98/381/98 1055/378/1055
f 1078/359/1078 98/381/98 812/360/812
f 265/408/265 1078/359/1078 811/382/811
f 811/382/811 586/330/586 531/409/531
f 1002/383/1002 359/361/359 600/410/600
f 1002/383/1002 105/411/105 203/362/203
f 916/412/916 427/364/427 506/363/506
f 161/413/161 1048/384/1048 427/364/427
f 89/414/89 465/315/465 1048/384/1048
f 1011/341/1011 693/415/693 825/385/825
f 825/385/825 789/416/789 745/365/745
f 1046/386/1046 356/417/356 82/366/82
f 465/315/465 89/414/89 1046/386/1046
f 82/366/82 246/418/246 1069/387/1069
f 1011/341/1011 1069/387/1069 693/415/693
f 796/316/796 15/393/15 17/388/17
f 612/419/612 62/367/62 17/388/17
f 952/420/952 863/389/863 62/367/62
f 863/389/863 259/390/259 806/342/806
f 916/412/916 506/363/506 259/390/259
f 732/421/732 962/391/962 110/344/110
f 1112/343/1112 962/391/962 383/422/383
f 403/368/403 624/392/624 15/393/15
f 369/370/369 903/369/903 1003/423/1003
f 940/372/940 369/370/369 70/424/70
f 305/347/305 386/395/386 841/425/841
f 410/348/410 84/398/84 386/395/386
f 305/347/305 841/425/841 810/396/810
f 70/424/70 84/398/84 940/372/940
f 411/324/411 400/426/400 335/399/335
f 880/194/880 142/213/142 335/399/335
f 299/349/299 48/400/48 499/183/499
f 129/373/129 499/183/499 926/427/926
f 1075/374/1075 499/183/499 48/400/48
f 906/401/906 348/428/348 911/352/911
f 911/352/911 490/429/490 776/402/776
f 776/402/776 868/430/868 307/375/307
f 527/376/527 542/377/542 1028/403/1028
f 633/353/633 1028/403/1028 352/404/352
f 352/404/352 531/409/531 586/330/586
f 307/375/307 868/430/868 139/405/139
f 1035/431/1035 989/355/989 139/405/139
f 993/406/993 1028/403/1028 542/377/542
f 993/406/993 989/355/989 1035/431/1035
f 1055/378/1055 98/381/98 617/380/617
f 123/432/123 414/379/414 469/407/469
f 469/407/469 617/380/617 1032/433/1032
f 98/381/98 1078/359/1078 265/408/265
f 811/382/811 168/434/168 265/408/265
f 811/382/811 531/409/531 210/435/210
f 105/411/105 1002/383/1002 600/410/600
f 600/410/600 359/361/359 171/436/171
f 161/413/161 427/364/427 916/412/916
f 765/437/765 1048/384/1048 161/413/161
f 89/414/89 1048/384/1048 576/438/576
f 693/415/693 717/439/717 825/385/825
f 825/385/825 88/440/88 789/416/789
f 356/417/356 1046/386/1046 1010/441/1010
f 356/417/356 246/418/246 82/366/82
f 576/438/576 1046/386/1046 89/414/89
f 1069/387/1069 246/418/246 693/415/693
f 17/388/17 15/393/15 1009/442/1009
f 612/419/612 17/388/17 583/443/583
f 612/419/612 952/420/952 62/367/62
f 952/420/952 443/444/443 863/389/863
f 259/390/259 863/389/863 443/444/443
f 916/412/916 259/390/259 699/445/699
f 732/421/732 656/446/656 962/391/962
f 703/447/703 732/421/732 110/344/110
f 383/422/383 999/448/999 1112/343/1112
f 383/422/383 962/391/962 656/446/656
f 624/392/624 999/448/999 15/393/15
f 1003/423/1003 903/369/903 325/449/325
f 369/370/369 1003/423/1003 70/424/70
f 839/450/839 386/395/386 84/398/84
f 332/451/332 84/398/84 70/424/70
f 400/426/400 523/452/523 335/399/335
f 880/194/880 335/399/335 523/452/523
f 926/427/926 400/426/400 129/373/129
f 911/352/911 348/428/348 490/429/490
f 620/453/620 352/404/352 1028/403/1028
f 352/404/352 620/453/620 531/409/531
f 139/405/139 992/454/992 1035/431/1035
f 620/453/620 1028/403/1028 993/406/993
f 620/453/620 993/406/993 1035/431/1035
f 265/408/265 617/380/617 98/381/98
f 325/449/325 414/379/414 123/432/123
f 123/432/123 469/407/469 1032/433/1032
f 1032/433/1032 617/380/617 661/455/661
f 168/434/168 811/382/811 210/435/210
f 77/456/77 265/408/265 168/434/168
f 620/453/620 210/435/210 531/409/531
f 535/457/535 105/411/105 600/410/600
f 54/458/54 600/410/600 171/436/171
f 161/413/161 916/412/916 275/459/275
f 765/437/765 161/413/161 998/460/998
f 576/438/576 1048/384/1048 765/437/765
f 693/415/693 246/418/246 717/439/717
f 88/440/88 825/385/825 717/439/717
f 1010/441/1010 1046/386/1046 576/438/576
f 1010/441/1010 1058/461/1058 356/417/356
f 1058/461/1058 246/418/246 356/417/356
f 15/393/15 258/462/258 1009/442/1009
f 1074/463/1074 17/388/17 1009/442/1009
f 583/443/583 17/388/17 1074/463/1074
f 583/443/583 682/464/682 612/419/612
f 259/390/259 443/444/443 713/465/713
f 259/390/259 713/465/713 699/445/699
f 916/412/916 699/445/699 275/459/275
f 853/466/853 656/446/656 732/421/732
f 732/421/732 703/447/703 853/466/853
f 999/448/999 383/422/383 1092/467/1092
f 383/422/383 656/446/656 1092/467/1092
f 15/393/15 999/448/999 258/462/258
f 332/451/332 1003/423/1003 325/449/325
f 1003/423/1003 332/451/332 70/424/70
f 332/451/332 839/450/839 84/398/84
f 400/426/400 874/468/874 523/452/523
f 523/452/523 746/469/746 880/194/880
f 926/427/926 268/470/268 400/426/400
f 1035/431/1035 992/454/992 210/435/210
f 620/453/620 1035/431/1035 210/435/210
f 661/455/661 617/380/617 265/408/265
f 611/471/611 325/449/325 123/432/123
f 611/471/611 123/432/123 1032/433/1032
f 611/471/611 1032/433/1032 661/455/661
f 168/434/168 210/435/210 66/472/66
f 77/456/77 343/473/343 265/408/265
f 77/456/77 168/434/168 66/472/66
f 275/459/275 742/474/742 161/413/161
f 161/413/161 187/475/187 998/460/998
f 765/437/765 998/460/998 117/476/117
f 1010/441/1010 576/438/576 765/437/765
f 88/440/88 717/439/717 246/418/246
f 1010/441/1010 901/477/901 1058/461/1058
f 88/440/88 246/418/246 1058/461/1058
f 1074/463/1074 1009/442/1009 258/462/258
f 583/443/583 1074/463/1074 824/478/824
f 583/443/583 905/479/905 682/464/682
f 443/444/443 905/479/905 713/465/713
f 699/445/699 713/465/713 543/480/543
f 275/459/275 699/445/699 809/481/809
f 853/466/853 587/482/587 656/446/656
f 420/483/420 853/466/853 703/447/703
f 999/448/999 1092/467/1092 258/462/258
f 1070/484/1070 1092/467/1092 656/446/656
f 325/449/325 563/485/563 332/451/332
f 332/451/332 615/486/615 839/450/839
f 400/426/400 338/487/338 874/468/874
f 926/427/926 472/135/472 268/470/268
f 268/470/268 338/487/338 400/426/400
f 265/408/265 238/488/238 661/455/661
f 325/449/325 611/471/611 563/485/563
f 661/455/661 238/488/238 611/471/611
f 726/489/726 343/473/343 77/456/77
f 265/408/265 343/473/343 238/488/238
f 77/456/77 66/472/66 1037/490/1037
f 809/481/809 742/474/742 275/459/275
f 161/413/161 742/474/742 147/491/147
f 998/460/998 187/475/187 117/476/117
f 147/491/147 187/475/187 161/413/161
f 1010/441/1010 765/437/765 117/476/117
f 901/477/901 1010/441/1010 440/492/440
f 1058/461/1058 901/477/901 804/493/804
f 669/494/669 1074/463/1074 258/462/258
f 669/494/669 824/478/824 1074/463/1074
f 824/478/824 905/479/905 583/443/583
f 905/479/905 669/494/669 713/465/713
f 543/480/543 713/465/713 183/495/183
f 543/480/543 397/496/397 699/445/699
f 699/445/699 397/496/397 809/481/809
f 1070/484/1070 656/446/656 587/482/587
f 853/466/853 23/497/23 587/482/587
f 853/466/853 420/483/420 23/497/23
f 42/498/42 258/462/258 1092/467/1092
f 42/498/42 1092/467/1092 1070/484/1070
f 563/485/563 722/499/722 332/451/332
f 479/500/479 615/486/615 332/451/332
f 874/468/874 338/487/338 310/501/310
f 525/502/525 268/470/268 472/135/472
f 525/502/525 338/487/338 268/470/268
f 563/485/563 611/471/611 797/503/797
f 611/471/611 238/488/238 797/503/797
f 855/504/855 343/473/343 726/489/726
f 726/489/726 77/456/77 1037/490/1037
f 343/473/343 797/503/797 238/488/238
f 766/505/766 742/474/742 809/481/809
f 766/505/766 147/491/147 742/474/742
f 1010/441/1010 117/476/117 187/475/187
f 147/491/147 1065/506/1065 187/475/187
f 187/475/187 440/492/440 1010/441/1010
f 440/492/440 447/507/447 901/477/901
f 901/477/901 163/508/163 804/493/804
f 804/493/804 450/509/450 1058/461/1058
f 669/494/669 258/462/258 42/498/42
f 905/479/905 824/478/824 669/494/669
f 766/505/766 713/465/713 669/494/669
f 183/495/183 713/465/713 766/505/766
f 183/495/183 913/510/913 543/480/543
f 913/510/913 397/496/397 543/480/543
f 766/505/766 809/481/809 397/496/397
f 1070/484/1070 587/482/587 23/497/23
f 342/511/342 23/497/23 420/483/420
f 1070/484/1070 1102/512/1102 42/498/42
f 563/485/563 855/504/855 722/499/722
f 479/500/479 332/451/332 722/499/722
f 310/501/310 338/487/338 525/502/525
f 574/513/574 525/502/525 472/135/472
f 563/485/563 797/503/797 855/504/855
f 797/503/797 343/473/343 855/504/855
f 855/504/855 726/489/726 722/499/722
f 726/489/726 1037/490/1037 303/514/303
f 766/505/766 1065/506/1065 147/491/147
f 440/492/440 187/475/187 1065/506/1065
f 440/492/440 1065/506/1065 447/507/447
f 901/477/901 447/507/447 324/515/324
f 901/477/901 324/515/324 163/508/163
f 163/508/163 380/516/380 804/493/804
f 42/498/42 333/517/333 669/494/669
f 333/517/333 766/505/766 669/494/669
f 183/495/183 766/505/766 913/510/913
f 913/510/913 766/505/766 397/496/397
f 1070/484/1070 23/497/23 342/511/342
f 342/511/342 420/483/420 364/518/364
f 1015/519/1015 1102/512/1102 1070/484/1070
f 42/498/42 1102/512/1102 333/517/333
f 310/501/310 525/502/525 392/520/392
f 722/499/722 726/489/726 303/514/303
f 324/515/324 1065/506/1065 766/505/766
f 324/515/324 447/507/447 1065/506/1065
f 324/515/324 871/521/871 163/508/163
f 978/522/978 804/493/804 380/516/380
f 794/523/794 766/505/766 333/517/333
f 342/511/342 1015/519/1015 1070/484/1070
f 509/524/509 342/511/342 364/518/364
f 333/517/333 1102/512/1102 1015/519/1015
f 766/505/766 871/521/871 324/515/324
f 416/525/416 163/508/163 871/521/871
f 978/522/978 380/516/380 474/526/474
f 609/527/609 804/493/804 978/522/978
f 794/523/794 333/517/333 1015/519/1015
f 766/505/766 794/523/794 416/525/416
f 342/511/342 3/528/3 1015/519/1015
f 509/524/509 364/518/364 538/529/538
f 509/524/509 120/530/120 342/511/342
f 766/505/766 416/525/416 871/521/871
f 474/526/474 380/516/380 641/531/641
f 474/526/474 641/531/641 978/522/978
f 609/527/609 978/522/978 125/532/125
f 470/533/470 1015/519/1015 3/528/3
f 3/528/3 342/511/342 120/530/120
f 361/534/361 509/524/509 538/529/538
f 391/535/391 120/530/120 509/524/509
f 380/516/380 34/536/34 641/531/641
f 978/522/978 641/531/641 792/537/792
f 978/522/978 792/537/792 125/532/125
f 3/528/3 287/538/287 470/533/470
f 538/529/538 113/539/113 361/534/361
f 237/540/237 509/524/509 361/534/361
f 391/535/391 509/524/509 237/540/237
f 34/536/34 363/541/363 641/531/641
f 792/537/792 641/531/641 1041/542/1041
f 519/543/519 125/532/125 792/537/792
f 237/540/237 361/534/361 113/539/113
f 113/539/113 391/535/391 237/540/237
f 34/536/34 80/544/80 363/541/363
f 641/531/641 363/541/363 1041/542/1041
f 1041/542/1041 519/543/519 792/537/792
f 363/541/363 80/544/80 6/545/6
f 363/541/363 6/545/6 1041/542/1041
f 519/543/519 1041/542/1041 6/545/6
f 453/64/453 1033/546/1033 182/547/182
f 922/548/922 182/547/182 1033/546/1033
f 142/213/142 995/549/995 145/550/145
f 995/549/995 867/182/867 145/550/145
f 252/328/252 821/551/821 499/183/499
f 653/552/653 555/553/555 936/554/936
f 653/552/653 778/555/778 555/553/555
f 899/556/899 653/552/653 936/554/936
f 778/555/778 653/552/653 601/557/601
f 899/556/899 601/557/601 653/552/653
f 194/558/194 50/559/50 495/560/495
f 50/559/50 194/558/194 1005/561/1005
f 495/560/495 50/559/50 99/562/99
f 194/558/194 495/560/495 902/563/902
f 50/559/50 1005/561/1005 8/564/8
f 1043/565/1043 1005/561/1005 194/558/194
f 495/560/495 99/562/99 987/566/987
f 50/559/50 376/567/376 99/562/99
f 495/560/495 987/566/987 902/563/902
f 902/563/902 314/568/314 194/558/194
f 8/564/8 1005/561/1005 249/569/249
f 795/570/795 50/559/50 8/564/8
f 194/558/194 314/568/314 1043/565/1043
f 1043/565/1043 249/569/249 1005/561/1005
f 987/566/987 99/562/99 1047/571/1047
f 99/562/99 376/567/376 468/572/468
f 795/570/795 376/567/376 50/559/50
f 987/566/987 741/573/741 902/563/902
f 57/574/57 314/568/314 902/563/902
f 8/564/8 249/569/249 780/575/780
f 565/576/565 795/570/795 8/564/8
f 1043/565/1043 314/568/314 881/577/881
f 1043/565/1043 881/577/881 249/569/249
f 406/578/406 1047/571/1047 99/562/99
f 987/566/987 1047/571/1047 741/573/741
f 99/562/99 468/572/468 1052/579/1052
f 468/572/468 376/567/376 795/570/795
f 902/563/902 741/573/741 57/574/57
f 848/580/848 314/568/314 57/574/57
f 780/575/780 565/576/565 8/564/8
f 249/569/249 632/581/632 780/575/780
f 565/576/565 650/582/650 795/570/795
f 881/577/881 314/568/314 249/569/249
f 406/578/406 99/562/99 395/583/395
f 1047/571/1047 406/578/406 68/584/68
f 1047/571/1047 68/584/68 741/573/741
f 1096/585/1096 1052/579/1052 468/572/468
f 99/562/99 1052/579/1052 1096/585/1096
f 795/570/795 391/586/391 468/572/468
f 741/573/741 938/587/938 57/574/57
f 249/569/249 314/568/314 848/580/848
f 57/574/57 40/588/40 848/580/848
f 565/576/565 780/575/780 831/589/831
f 632/581/632 249/569/249 955/590/955
f 780/575/780 632/581/632 137/591/137
f 795/570/795 650/582/650 120/592/120
f 831/589/831 650/582/650 565/576/565
f 1096/585/1096 395/583/395 99/562/99
f 406/578/406 395/583/395 567/593/567
f 567/593/567 68/584/68 406/578/406
f 68/584/68 938/587/938 741/573/741
f 315/594/315 1096/585/1096 468/572/468
f 391/586/391 795/570/795 120/592/120
f 391/586/391 315/594/315 468/572/468
f 57/574/57 938/587/938 47/595/47
f 848/580/848 955/590/955 249/569/249
f 40/588/40 57/574/57 897/596/897
f 40/588/40 1039/597/1039 848/580/848
f 780/575/780 287/598/287 831/589/831
f 632/581/632 955/590/955 78/599/78
f 137/591/137 632/581/632 924/600/924
f 137/591/137 287/598/287 780/575/780
f 3/601/3 120/592/120 650/582/650
f 3/601/3 650/582/650 831/589/831
f 1096/585/1096 315/594/315 395/583/395
f 567/593/567 938/587/938 68/584/68
f 391/586/391 395/583/395 315/594/315
f 897/596/897 57/574/57 47/595/47
f 927/602/927 47/595/47 938/587/938
f 848/580/848 1017/603/1017 955/590/955
f 897/596/897 982/604/982 40/588/40
f 40/588/40 982/604/982 1039/597/1039
f 405/605/405 848/580/848 1039/597/1039
f 831/589/831 287/598/287 3/601/3
f 78/599/78 924/600/924 632/581/632
f 78/599/78 955/590/955 1017/603/1017
f 251/606/251 137/591/137 924/600/924
f 380/607/380 287/598/287 137/591/137
f 1012/608/1012 938/587/938 567/593/567
f 113/609/113 395/583/395 391/586/391
f 897/596/897 47/595/47 927/602/927
f 927/602/927 938/587/938 900/610/900
f 848/580/848 829/611/829 1017/603/1017
f 319/612/319 982/604/982 897/596/897
f 1039/597/1039 982/604/982 294/613/294
f 269/614/269 405/605/405 1039/597/1039
f 405/605/405 829/611/829 848/580/848
f 78/599/78 1017/603/1017 924/600/924
f 1044/615/1044 137/591/137 251/606/251
f 251/606/251 924/600/924 813/616/813
f 137/591/137 1044/615/1044 380/607/380
f 931/617/931 938/587/938 1012/608/1012
f 1012/608/1012 567/593/567 353/618/353
f 319/612/319 897/596/897 927/602/927
f 931/617/931 900/610/900 938/587/938
f 927/602/927 900/610/900 770/619/770
f 533/620/533 1017/603/1017 829/611/829
f 402/621/402 982/604/982 319/612/319
f 402/621/402 294/613/294 982/604/982
f 1039/597/1039 294/613/294 898/622/898
f 898/622/898 269/614/269 1039/597/1039
f 269/614/269 829/611/829 405/605/405
f 533/620/533 924/600/924 1017/603/1017
f 1044/615/1044 251/606/251 708/623/708
f 813/616/813 924/600/924 313/624/313
f 813/616/813 708/623/708 251/606/251
f 34/625/34 380/607/380 1044/615/1044
f 1012/608/1012 630/626/630 931/617/931
f 73/627/73 1012/608/1012 353/618/353
f 770/619/770 319/612/319 927/602/927
f 630/626/630 900/610/900 931/617/931
f 770/619/770 900/610/900 73/627/73
f 829/611/829 184/628/184 533/620/533
f 319/612/319 236/629/236 402/621/402
f 898/622/898 294/613/294 402/621/402
f 898/622/898 808/630/808 269/614/269
f 269/614/269 244/631/244 829/611/829
f 533/620/533 313/624/313 924/600/924
f 1044/615/1044 708/623/708 788/632/788
f 230/633/230 813/616/813 313/624/313
f 445/634/445 708/623/708 813/616/813
f 1044/615/1044 788/632/788 34/625/34
f 630/626/630 1012/608/1012 73/627/73
f 319/612/319 770/619/770 85/635/85
f 630/626/630 73/627/73 900/610/900
f 770/619/770 73/627/73 594/636/594
f 533/620/533 184/628/184 230/633/230
f 184/628/184 829/611/829 865/637/865
f 402/621/402 236/629/236 888/638/888
f 888/638/888 236/629/236 319/612/319
f 402/621/402 738/639/738 898/622/898
f 898/622/898 200/640/200 808/630/808
f 244/631/244 269/614/269 808/630/808
f 829/611/829 244/631/244 865/637/865
f 533/620/533 230/633/230 313/624/313
f 788/632/788 708/623/708 34/625/34
f 230/633/230 184/628/184 813/616/813
f 184/628/184 445/634/445 813/616/813
f 184/628/184 708/623/708 445/634/445
f 85/635/85 770/619/770 36/641/36
f 888/638/888 319/612/319 85/635/85
f 770/619/770 594/636/594 1083/642/1083
f 73/627/73 91/643/91 594/636/594
f 184/628/184 865/637/865 708/623/708
f 83/644/83 402/621/402 888/638/888
f 521/645/521 738/639/738 402/621/402
f 200/640/200 898/622/898 738/639/738
f 808/630/808 200/640/200 819/646/819
f 244/631/244 808/630/808 273/647/273
f 865/637/865 244/631/244 232/648/232
f 293/649/293 34/625/34 708/623/708
f 36/641/36 770/619/770 387/650/387
f 85/635/85 36/641/36 888/638/888
f 1083/642/1083 387/650/387 770/619/770
f 594/636/594 174/651/174 1083/642/1083
f 606/652/606 91/643/91 73/627/73
f 594/636/594 91/643/91 174/651/174
f 293/649/293 708/623/708 865/637/865
f 83/644/83 1113/653/1113 402/621/402
f 888/638/888 844/654/844 83/644/83
f 521/645/521 402/621/402 701/655/701
f 738/639/738 521/645/521 646/656/646
f 738/639/738 646/656/646 200/640/200
f 950/657/950 819/646/819 200/640/200
f 808/630/808 819/646/819 273/647/273
f 244/631/244 273/647/273 349/658/349
f 232/648/232 244/631/244 80/659/80
f 865/637/865 232/648/232 293/649/293
f 34/625/34 293/649/293 232/648/232
f 36/641/36 387/650/387 649/660/649
f 36/641/36 649/660/649 888/638/888
f 276/661/276 387/650/387 1083/642/1083
f 1083/642/1083 174/651/174 425/662/425
f 507/663/507 91/643/91 606/652/606
f 606/652/606 73/627/73 621/664/621
f 507/663/507 174/651/174 91/643/91
f 701/655/701 1113/653/1113 83/644/83
f 701/655/701 402/621/402 1113/653/1113
f 83/644/83 844/654/844 705/665/705
f 888/638/888 127/666/127 844/654/844
f 521/645/521 701/655/701 893/667/893
f 521/645/521 893/667/893 646/656/646
f 200/640/200 646/656/646 526/668/526
f 200/640/200 760/669/760 950/657/950
f 417/670/417 819/646/819 950/657/950
f 273/647/273 819/646/819 486/671/486
f 686/672/686 349/658/349 273/647/273
f 349/658/349 80/659/80 244/631/244
f 232/648/232 80/659/80 34/625/34
f 276/661/276 649/660/649 387/650/387
f 888/638/888 649/660/649 253/673/253
f 425/662/425 276/661/276 1083/642/1083
f 425/662/425 174/651/174 638/674/638
f 606/652/606 621/664/621 507/663/507
f 638/674/638 174/651/174 507/663/507
f 83/644/83 442/675/442 701/655/701
f 221/676/221 705/665/705 844/654/844
f 705/665/705 660/677/660 83/644/83
f 888/638/888 67/678/67 127/666/127
f 684/679/684 844/654/844 127/666/127
f 701/655/701 645/680/645 893/667/893
f 10/681/10 646/656/646 893/667/893
f 200/640/200 526/668/526 760/669/760
f 10/681/10 526/668/526 646/656/646
f 231/682/231 950/657/950 760/669/760
f 486/671/486 819/646/819 417/670/417
f 1045/683/1045 417/670/417 950/657/950
f 486/671/486 1029/684/1029 273/647/273
f 6/685/6 349/658/349 686/672/686
f 273/647/273 1029/684/1029 686/672/686
f 349/658/349 6/685/6 80/659/80
f 43/686/43 649/660/649 276/661/276
f 43/686/43 253/673/253 649/660/649
f 888/638/888 253/673/253 759/687/759
f 43/686/43 276/661/276 425/662/425
f 329/688/329 425/662/425 638/674/638
f 638/674/638 507/663/507 329/688/329
f 83/644/83 660/677/660 442/675/442
f 701/655/701 442/675/442 267/689/267
f 148/690/148 705/665/705 221/676/221
f 753/691/753 221/676/221 844/654/844
f 705/665/705 879/692/879 660/677/660
f 888/638/888 759/687/759 67/678/67
f 67/678/67 657/693/657 127/666/127
f 684/679/684 127/666/127 744/694/744
f 684/679/684 753/691/753 844/654/844
f 890/695/890 893/667/893 645/680/645
f 701/655/701 904/696/904 645/680/645
f 893/667/893 997/697/997 10/681/10
f 877/698/877 760/669/760 526/668/526
f 526/668/526 10/681/10 662/699/662
f 231/682/231 782/700/782 950/657/950
f 231/682/231 760/669/760 537/701/537
f 1045/683/1045 486/671/486 417/670/417
f 1045/683/1045 950/657/950 782/700/782
f 1029/684/1029 486/671/486 1045/683/1045
f 6/685/6 686/672/686 471/702/471
f 1029/684/1029 191/703/191 686/672/686
f 253/673/253 43/686/43 425/662/425
f 759/687/759 253/673/253 675/704/675
f 675/704/675 425/662/425 329/688/329
f 170/705/170 329/688/329 507/663/507
f 442/675/442 660/677/660 582/706/582
f 267/689/267 138/707/138 701/655/701
f 267/689/267 442/675/442 605/708/605
f 714/709/714 705/665/705 148/690/148
f 221/676/221 396/710/396 148/690/148
f 753/691/753 396/710/396 221/676/221
f 582/706/582 879/692/879 705/665/705
f 582/706/582 660/677/660 879/692/879
f 759/687/759 675/704/675 67/678/67
f 675/704/675 657/693/657 67/678/67
f 657/693/657 744/694/744 127/666/127
f 744/694/744 761/711/761 684/679/684
f 1053/712/1053 753/691/753 684/679/684
f 893/667/893 890/695/890 997/697/997
f 890/695/890 645/680/645 889/713/889
f 701/655/701 119/714/119 904/696/904
f 889/713/889 645/680/645 904/696/904
f 997/697/997 635/715/635 10/681/10
f 662/699/662 877/698/877 526/668/526
f 537/701/537 760/669/760 877/698/877
f 662/699/662 10/681/10 124/716/124
f 636/717/636 782/700/782 231/682/231
f 231/682/231 537/701/537 636/717/636
f 1029/684/1029 1045/683/1045 782/700/782
f 471/702/471 686/672/686 191/703/191
f 6/685/6 471/702/471 695/718/695
f 1029/684/1029 518/719/518 191/703/191
f 675/704/675 253/673/253 425/662/425
f 329/688/329 657/693/657 675/704/675
f 507/663/507 1104/720/1104 170/705/170
f 170/705/170 744/694/744 329/688/329
f 582/706/582 605/708/605 442/675/442
f 747/721/747 138/707/138 267/689/267
f 701/655/701 138/707/138 488/722/488
f 267/689/267 605/708/605 11/723/11
f 714/709/714 634/724/634 705/665/705
f 148/690/148 634/724/634 714/709/714
f 670/725/670 148/690/148 396/710/396
f 102/726/102 396/710/396 753/691/753
f 705/665/705 634/724/634 582/706/582
f 744/694/744 657/693/657 329/688/329
f 761/711/761 939/727/939 684/679/684
f 170/705/170 761/711/761 744/694/744
f 371/728/371 753/691/753 1053/712/1053
f 1053/712/1053 684/679/684 712/729/712
f 212/730/212 997/697/997 890/695/890
f 894/731/894 890/695/890 889/713/889
f 119/714/119 889/713/889 904/696/904
f 707/732/707 119/714/119 701/655/701
f 124/716/124 10/681/10 635/715/635
f 212/730/212 635/715/635 997/697/997
f 877/698/877 662/699/662 124/716/124
f 537/701/537 877/698/877 124/716/124
f 1024/733/1024 782/700/782 636/717/636
f 537/701/537 857/734/857 636/717/636
f 1024/733/1024 1029/684/1029 782/700/782
f 471/702/471 191/703/191 748/735/748
f 695/718/695 471/702/471 748/735/748
f 695/718/695 519/736/519 6/685/6
f 1029/684/1029 923/737/923 518/719/518
f 518/719/518 321/738/321 191/703/191
f 170/705/170 1104/720/1104 607/739/607
f 605/708/605 582/706/582 634/724/634
f 747/721/747 488/722/488 138/707/138
f 267/689/267 852/740/852 747/721/747
f 701/655/701 488/722/488 482/741/482
f 605/708/605 634/724/634 11/723/11
f 267/689/267 11/723/11 156/742/156
f 148/690/148 1094/743/1094 634/724/634
f 413/744/413 148/690/148 670/725/670
f 670/725/670 396/710/396 663/745/663
f 663/745/663 396/710/396 102/726/102
f 102/726/102 753/691/753 29/746/29
f 761/711/761 816/747/816 939/727/939
f 822/748/822 684/679/684 939/727/939
f 607/739/607 761/711/761 170/705/170
f 753/691/753 371/728/371 29/746/29
f 371/728/371 1053/712/1053 282/749/282
f 712/729/712 684/679/684 822/748/822
f 1053/712/1053 712/729/712 208/750/208
f 894/731/894 212/730/212 890/695/890
f 119/714/119 894/731/894 889/713/889
f 707/732/707 768/751/768 119/714/119
f 482/741/482 707/732/707 701/655/701
f 334/752/334 124/716/124 635/715/635
f 288/753/288 635/715/635 212/730/212
f 537/701/537 124/716/124 334/752/334
f 92/754/92 1024/733/1024 636/717/636
f 334/752/334 857/734/857 537/701/537
f 636/717/636 857/734/857 261/755/261
f 748/735/748 191/703/191 133/756/133
f 519/736/519 695/718/695 748/735/748
f 923/737/923 1024/733/1024 518/719/518
f 321/738/321 518/719/518 801/757/801
f 550/758/550 191/703/191 321/738/321
f 290/759/290 607/739/607 1104/720/1104
f 488/722/488 747/721/747 577/760/577
f 852/740/852 484/761/484 747/721/747
f 267/689/267 156/742/156 852/740/852
f 488/722/488 823/762/823 482/741/482
f 1094/743/1094 11/723/11 634/724/634
f 11/723/11 475/763/475 156/742/156
f 148/690/148 186/764/186 1094/743/1094
f 413/744/413 186/764/186 148/690/148
f 670/725/670 663/745/663 413/744/413
f 663/745/663 102/726/102 295/765/295
f 102/726/102 29/746/29 295/765/295
f 816/747/816 761/711/761 607/739/607
f 822/748/822 939/727/939 816/747/816
f 371/728/371 295/765/295 29/746/29
f 1053/712/1053 208/750/208 282/749/282
f 282/749/282 295/765/295 371/728/371
f 290/759/290 712/729/712 822/748/822
f 712/729/712 878/766/878 208/750/208
f 894/731/894 119/714/119 212/730/212
f 482/741/482 768/751/768 707/732/707
f 569/767/569 119/714/119 768/751/768
f 288/753/288 212/730/212 132/768/132
f 288/753/288 777/769/777 635/715/635
f 261/755/261 92/754/92 636/717/636
f 801/757/801 1024/733/1024 92/754/92
f 41/770/41 857/734/857 334/752/334
f 261/755/261 857/734/857 41/770/41
f 133/756/133 191/703/191 550/758/550
f 748/735/748 133/756/133 277/771/277
f 519/736/519 748/735/748 481/772/481
f 801/757/801 518/719/518 1024/733/1024
f 261/755/261 321/738/321 801/757/801
f 133/756/133 550/758/550 321/738/321
f 290/759/290 822/748/822 607/739/607
f 577/760/577 747/721/747 484/761/484
f 488/722/488 577/760/577 823/762/823
f 475/763/475 484/761/484 852/740/852
f 852/740/852 156/742/156 475/763/475
f 823/762/823 872/773/872 482/741/482
f 945/774/945 11/723/11 1094/743/1094
f 11/723/11 945/774/945 475/763/475
f 357/775/357 1094/743/1094 186/764/186
f 316/776/316 186/764/186 413/744/413
f 413/744/413 663/745/663 282/749/282
f 282/749/282 663/745/663 295/765/295
f 822/748/822 816/747/816 607/739/607
f 290/759/290 878/766/878 712/729/712
f 212/730/212 119/714/119 983/777/983
f 482/741/482 185/778/185 768/751/768
f 569/767/569 983/777/983 119/714/119
f 768/751/768 185/778/185 569/767/569
f 132/768/132 212/730/212 983/777/983
f 132/768/132 223/779/223 288/753/288
f 593/780/593 777/769/777 288/753/288
f 261/755/261 801/757/801 92/754/92
f 41/770/41 334/752/334 777/769/777
f 41/770/41 223/779/223 261/755/261
f 758/781/758 748/735/748 277/771/277
f 277/771/277 133/756/133 860/782/860
f 481/772/481 748/735/748 591/783/591
f 481/772/481 317/784/317 519/736/519
f 133/756/133 321/738/321 261/755/261
f 577/760/577 484/761/484 710/785/710
f 823/762/823 577/760/577 710/785/710
f 475/763/475 710/785/710 484/761/484
f 823/762/823 503/786/503 872/773/872
f 872/773/872 503/786/503 482/741/482
f 1094/743/1094 357/775/357 945/774/945
f 357/775/357 316/776/316 413/744/413
f 282/749/282 357/775/357 413/744/413
f 482/741/482 503/786/503 185/778/185
f 467/787/467 983/777/983 569/767/569
f 569/767/569 185/778/185 434/788/434
f 983/777/983 76/789/76 132/768/132
f 593/780/593 288/753/288 223/779/223
f 132/768/132 261/755/261 223/779/223
f 41/770/41 777/769/777 593/780/593
f 593/780/593 223/779/223 41/770/41
f 422/790/422 748/735/748 758/781/758
f 758/781/758 277/771/277 740/791/740
f 261/755/261 860/782/860 133/756/133
f 2/792/2 277/771/277 860/782/860
f 591/783/591 748/735/748 422/790/422
f 481/772/481 591/783/591 317/784/317
f 125/793/125 519/736/519 317/784/317
f 823/762/823 710/785/710 627/794/627
f 710/785/710 475/763/475 627/794/627
f 779/795/779 503/786/503 823/762/823
f 185/778/185 503/786/503 434/788/434
f 76/789/76 983/777/983 467/787/467
f 467/787/467 569/767/569 864/796/864
f 569/767/569 434/788/434 503/786/503
f 132/768/132 946/797/946 261/755/261
f 758/781/758 522/798/522 422/790/422
f 740/791/740 277/771/277 1103/799/1103
f 758/781/758 740/791/740 1060/800/1060
f 860/782/860 261/755/261 449/801/449
f 2/792/2 860/782/860 65/802/65
f 2/792/2 65/802/65 277/771/277
f 591/783/591 422/790/422 130/803/130
f 823/762/823 627/794/627 571/804/571
f 627/794/627 475/763/475 571/804/571
f 779/795/779 1091/805/1091 503/786/503
f 467/787/467 864/796/864 76/789/76
f 864/796/864 569/767/569 595/806/595
f 569/767/569 503/786/503 664/807/664
f 647/808/647 946/797/946 132/768/132
f 229/809/229 261/755/261 946/797/946
f 328/810/328 522/798/522 758/781/758
f 130/803/130 422/790/422 522/798/522
f 65/802/65 1103/799/1103 277/771/277
f 1103/799/1103 90/811/90 740/791/740
f 1060/800/1060 270/812/270 758/781/758
f 229/809/229 449/801/449 261/755/261
f 860/782/860 449/801/449 65/802/65
f 664/807/664 503/786/503 1091/805/1091
f 779/795/779 967/813/967 1091/805/1091
f 76/789/76 864/796/864 157/814/157
f 595/806/595 157/814/157 864/796/864
f 595/806/595 569/767/569 664/807/664
f 132/768/132 360/815/360 647/808/647
f 1095/816/1095 946/797/946 647/808/647
f 229/809/229 946/797/946 121/817/121
f 328/810/328 64/818/64 522/798/522
f 328/810/328 758/781/758 270/812/270
f 130/803/130 522/798/522 64/818/64
f 121/817/121 1103/799/1103 65/802/65
f 767/819/767 90/811/90 1103/799/1103
f 791/820/791 449/801/449 229/809/229
f 65/802/65 449/801/449 791/820/791
f 967/813/967 664/807/664 1091/805/1091
f 76/789/76 157/814/157 75/821/75
f 595/806/595 664/807/664 157/814/157
f 132/768/132 51/822/51 360/815/360
f 51/822/51 647/808/647 360/815/360
f 1095/816/1095 647/808/647 1110/823/1110
f 121/817/121 946/797/946 1095/816/1095
f 791/820/791 229/809/229 121/817/121
f 328/810/328 270/812/270 64/818/64
f 5/824/5 1103/799/1103 121/817/121
f 121/817/121 65/802/65 791/820/791
f 967/813/967 101/825/101 664/807/664
f 75/821/75 157/814/157 664/807/664
f 51/822/51 76/789/76 75/821/75
f 647/808/647 51/822/51 957/826/957
f 603/827/603 1095/816/1095 1110/823/1110
f 647/808/647 957/826/957 1110/823/1110
f 121/817/121 1095/816/1095 603/827/603
f 664/807/664 101/825/101 75/821/75
f 75/821/75 957/826/957 51/822/51
f 936/828/936 1063/829/1063 849/830/849
f 849/830/849 128/831/128 936/828/936
f 899/832/899 936/828/936 128/831/128
f 128/831/128 190/833/190 899/832/899
f 130/834/130 64/835/64 494/836/494
f 64/835/64 384/837/384 494/836/494
f 130/834/130 494/836/494 932/838/932
f 932/838/932 494/836/494 384/837/384
f 384/837/384 64/835/64 491/839/491
f 932/838/932 591/840/591 130/834/130
f 384/837/384 591/840/591 932/838/932
f 384/837/384 491/839/491 63/841/63
f 64/835/64 377/842/377 491/839/491
f 384/837/384 302/843/302 591/840/591
f 491/839/491 377/842/377 63/841/63
f 384/837/384 63/841/63 302/843/302
f 377/842/377 64/835/64 270/844/270
f 385/845/385 591/840/591 302/843/302
f 377/842/377 370/846/370 63/841/63
f 302/843/302 63/841/63 94/847/94
f 377/842/377 270/844/270 1060/848/1060
f 385/845/385 317/849/317 591/840/591
f 94/847/94 385/845/385 302/843/302
f 377/842/377 1060/848/1060 370/846/370
f 925/850/925 63/841/63 370/846/370
f 63/841/63 1007/851/1007 94/847/94
f 385/845/385 725/852/725 317/849/317
f 94/847/94 725/852/725 385/845/385
f 925/850/925 1007/851/1007 63/841/63
f 115/853/115 925/850/925 370/846/370
f 94/847/94 1007/851/1007 318/854/318
f 317/849/317 725/852/725 153/855/153
f 725/852/725 94/847/94 318/854/318
f 151/856/151 1007/851/1007 925/850/925
f 115/853/115 654/857/654 925/850/925
f 991/858/991 318/854/318 1007/851/1007
f 725/852/725 497/859/497 153/855/153
f 729/860/729 317/849/317 153/855/153
f 151/856/151 991/858/991 1007/851/1007
f 654/857/654 151/856/151 925/850/925
f 115/853/115 466/861/466 654/857/654
f 991/858/991 671/862/671 318/854/318
f 242/863/242 497/859/497 725/852/725
f 219/864/219 153/855/153 497/859/497
f 729/860/729 153/855/153 1/865/1
f 729/860/729 125/866/125 317/849/317
f 1026/867/1026 991/858/991 151/856/151
f 654/857/654 1034/868/1034 151/856/151
f 654/857/654 466/861/466 674/869/674
f 671/862/671 991/858/991 1026/867/1026
f 671/862/671 559/870/559 318/854/318
f 409/871/409 497/859/497 242/863/242
f 242/863/242 725/852/725 559/870/559
f 914/872/914 153/855/153 219/864/219
f 970/873/970 219/864/219 497/859/497
f 1/865/1 153/855/153 914/872/914
f 1/865/1 430/874/430 729/860/729
f 729/860/729 181/875/181 125/866/125
f 1026/867/1026 151/856/151 942/876/942
f 151/856/151 1034/868/1034 942/876/942
f 256/877/256 1034/868/1034 654/857/654
f 671/862/671 1026/867/1026 409/871/409
f 671/862/671 242/863/242 559/870/559
f 970/873/970 497/859/497 409/871/409
f 409/871/409 242/863/242 671/862/671
f 914/872/914 219/864/219 970/873/970
f 1/865/1 914/872/914 430/874/430
f 729/860/729 430/874/430 789/878/789
f 729/860/729 786/879/786 181/875/181
f 609/880/609 125/866/125 181/875/181
f 1026/867/1026 942/876/942 639/881/639
f 749/882/749 409/871/409 1026/867/1026
f 970/873/970 409/871/409 430/874/430
f 914/872/914 970/873/970 430/874/430
f 786/879/786 729/860/729 789/878/789
f 789/878/789 430/874/430 409/871/409
f 786/879/786 584/883/584 181/875/181
f 584/883/584 609/880/609 181/875/181
f 639/881/639 536/884/536 1026/867/1026
f 837/885/837 639/881/639 942/876/942
f 536/884/536 749/882/749 1026/867/1026
f 536/884/536 409/871/409 749/882/749
f 786/879/786 789/878/789 88/886/88
f 536/884/536 789/878/789 409/871/409
f 786/879/786 158/887/158 584/883/584
f 584/883/584 158/887/158 609/880/609
f 639/881/639 887/888/887 536/884/536
f 639/881/639 837/885/837 887/888/887
f 426/889/426 837/885/837 942/876/942
f 786/879/786 88/886/88 158/887/158
f 745/890/745 789/878/789 536/884/536
f 536/884/536 887/888/887 596/891/596
f 887/888/887 837/885/837 596/891/596
f 426/889/426 942/876/942 69/892/69
f 837/885/837 426/889/426 1001/893/1001
f 743/894/743 158/887/158 88/886/88
f 536/884/536 596/891/596 745/890/745
f 1001/893/1001 596/891/596 837/885/837
f 198/895/198 426/889/426 69/892/69
f 743/894/743 450/896/450 158/887/158
f 743/894/743 88/886/88 1058/897/1058
f 745/890/745 596/891/596 1001/893/1001
f 974/898/974 198/895/198 69/892/69
f 1058/897/1058 450/896/450 743/894/743
f 775/899/775 666/900/666 534/901/534
f 775/899/775 515/902/515 666/900/666
f 534/901/534 666/900/666 18/903/18
f 735/904/735 775/899/775 534/901/534
f 666/900/666 515/902/515 912/905/912
f 775/899/775 1064/906/1064 515/902/515
f 666/900/666 912/905/912 18/903/18
f 534/901/534 18/903/18 395/907/395
f 404/908/404 775/899/775 735/904/735
f 113/909/113 735/904/735 534/901/534
f 912/905/912 515/902/515 567/910/567
f 404/908/404 1064/906/1064 775/899/775
f 896/911/896 515/902/515 1064/906/1064
f 912/905/912 395/907/395 18/903/18
f 113/909/113 534/901/534 395/907/395
f 875/912/875 404/908/404 735/904/735
f 875/912/875 735/904/735 113/909/113
f 353/913/353 567/910/567 515/902/515
f 567/910/567 395/907/395 912/905/912
f 404/908/404 364/914/364 1064/906/1064
f 716/915/716 515/902/515 896/911/896
f 1064/906/1064 364/914/364 896/911/896
f 404/908/404 875/912/875 538/916/538
f 538/916/538 875/912/875 113/909/113
f 353/913/353 515/902/515 573/917/573
f 404/908/404 538/916/538 364/914/364
f 896/911/896 959/918/959 716/915/716
f 573/917/573 515/902/515 716/915/716
f 896/911/896 364/914/364 420/919/420
f 353/913/353 573/917/573 245/920/245
f 896/911/896 994/921/994 959/918/959
f 716/915/716 959/918/959 694/922/694
f 716/915/716 842/923/842 573/917/573
f 896/911/896 420/919/420 994/921/994
f 842/923/842 245/920/245 573/917/573
f 353/913/353 245/920/245 672/924/672
f 694/922/694 959/918/959 994/921/994
f 694/922/694 842/923/842 716/915/716
f 420/919/420 283/925/283 994/921/994
f 245/920/245 842/923/842 59/926/59
f 672/924/672 245/920/245 840/927/840
f 672/924/672 691/928/691 353/913/353
f 994/921/994 560/929/560 694/922/694
f 694/922/694 529/930/529 842/923/842
f 420/919/420 964/931/964 283/925/283
f 560/929/560 994/921/994 283/925/283
f 59/926/59 842/923/842 529/930/529
f 245/920/245 59/926/59 840/927/840
f 73/932/73 353/913/353 691/928/691
f 1027/933/1027 691/928/691 672/924/672
f 694/922/694 560/929/560 920/934/920
f 529/930/529 694/922/694 218/935/218
f 718/936/718 283/925/283 964/931/964
f 703/937/703 964/931/964 420/919/420
f 920/934/920 560/929/560 283/925/283
f 59/926/59 529/930/529 862/938/862
f 862/938/862 840/927/840 59/926/59
f 1027/933/1027 73/932/73 691/928/691
f 920/934/920 218/935/218 694/922/694
f 529/930/529 218/935/218 1016/939/1016
f 920/934/920 283/925/283 718/936/718
f 933/940/933 718/936/718 964/931/964
f 703/937/703 419/941/419 964/931/964
f 920/934/920 257/942/257 218/935/218
f 502/943/502 1016/939/1016 218/935/218
f 528/944/528 529/930/529 1016/939/1016
f 718/936/718 180/945/180 920/934/920
f 419/941/419 933/940/933 964/931/964
f 933/940/933 180/945/180 718/936/718
f 110/946/110 419/941/419 703/937/703
f 920/934/920 180/945/180 257/942/257
f 218/935/218 257/942/257 489/947/489
f 108/948/108 1016/939/1016 502/943/502
f 502/943/502 218/935/218 271/949/271
f 528/944/528 1016/939/1016 108/948/108
f 529/930/529 528/944/528 378/950/378
f 933/940/933 419/941/419 110/946/110
f 180/945/180 933/940/933 489/947/489
f 180/945/180 489/947/489 257/942/257
f 218/935/218 489/947/489 271/949/271
f 502/943/502 164/951/164 108/948/108
f 502/943/502 271/949/271 164/951/164
f 528/944/528 108/948/108 164/951/164
f 529/930/529 378/950/378 112/952/112
f 528/944/528 375/953/375 378/950/378
f 528/944/528 164/951/164 678/954/678
f 112/952/112 378/950/378 1118/955/1118
f 528/944/528 678/954/678 375/953/375
f 203/956/203 348/957/348 906/958/906
f 988/959/988 348/957/348 203/956/203
f 203/956/203 906/958/906 963/960/963
f 988/959/988 203/956/203 260/961/260
f 348/957/348 988/959/988 490/962/490
f 215/963/215 963/960/963 906/958/906
f 45/964/45 203/956/203 963/960/963
f 105/965/105 260/961/260 203/956/203
f 988/959/988 260/961/260 776/966/776
f 490/962/490 988/959/988 776/966/776
f 963/960/963 215/963/215 1072/967/1072
f 28/968/28 45/964/45 963/960/963
f 1025/969/1025 260/961/260 105/965/105
f 776/966/776 260/961/260 320/970/320
f 793/971/793 963/960/963 1072/967/1072
f 45/964/45 28/968/28 1061/972/1061
f 963/960/963 793/971/793 28/968/28
f 320/970/320 260/961/260 1025/969/1025
f 1025/969/1025 105/965/105 535/973/535
f 320/970/320 868/974/868 776/966/776
f 1072/967/1072 464/975/464 793/971/793
f 28/968/28 793/971/793 784/976/784
f 1025/969/1025 921/977/921 320/970/320
f 1025/969/1025 535/973/535 921/977/921
f 868/974/868 320/970/320 480/978/480
f 793/971/793 464/975/464 784/976/784
f 28/968/28 784/976/784 706/979/706
f 921/977/921 284/980/284 320/970/320
f 535/973/535 111/981/111 921/977/921
f 139/982/139 868/974/868 480/978/480
f 320/970/320 421/983/421 480/978/480
f 784/976/784 464/975/464 706/979/706
f 28/968/28 706/979/706 458/984/458
f 921/977/921 629/985/629 284/980/284
f 421/983/421 320/970/320 284/980/284
f 111/981/111 535/973/535 1106/986/1106
f 629/985/629 921/977/921 111/981/111
f 139/982/139 480/978/480 992/987/992
f 706/979/706 289/988/289 458/984/458
f 28/968/28 458/984/458 149/989/149
f 284/980/284 629/985/629 393/990/393
f 1085/991/1085 111/981/111 1106/986/1106
f 393/990/393 629/985/629 111/981/111
f 992/987/992 480/978/480 210/992/210
f 731/993/731 458/984/458 289/988/289
f 706/979/706 336/994/336 289/988/289
f 149/989/149 458/984/458 637/995/637
f 1085/991/1085 929/996/929 111/981/111
f 1090/997/1090 1085/991/1085 1106/986/1106
f 111/981/111 851/998/851 393/990/393
f 731/993/731 861/999/861 458/984/458
f 731/993/731 289/988/289 975/1000/975
f 869/1001/869 336/994/336 706/979/706
f 149/989/149 637/995/637 234/1002/234
f 637/995/637 458/984/458 861/999/861
f 111/981/111 929/996/929 846/1003/846
f 1106/986/1106 803/1004/803 1090/997/1090
f 393/990/393 851/998/851 947/1005/947
f 637/995/637 861/999/861 1021/1006/1021
f 846/1003/846 929/996/929 1000/1007/1000
f 637/995/637 1021/1006/1021 408/1008/408
f 846/1003/846 1000/1007/1000 520/1009/520
f 1021/1006/1021 1077/1010/1077 408/1008/408
f 1000/1007/1000 1084/1011/1084 520/1009/520
f 1021/1006/1021 217/1012/217 1077/1010/1077
f 1100/1013/1100 1077/1010/1077 217/1012/217
f 1100/1013/1100 358/1014/358 1077/1010/1077
f 1100/1013/1100 217/1012/217 549/1015/549
f 1100/1013/1100 418/1016/418 358/1014/358
f 1073/1017/1073 549/1015/549 217/1012/217
f 358/1014/358 418/1016/418 33/1018/33
f 697/1019/697 516/1020/516 354/1021/354
f 286/1022/286 516/1020/516 697/1019/697
f 354/1021/354 473/1023/473 697/1019/697
f 286/1022/286 697/1019/697 821/1024/821
f 473/1023/473 821/1024/821 697/1019/697
f 354/1021/354 499/1025/499 473/1023/473
f 286/1022/286 821/1024/821 252/1026/252
f 473/1023/473 499/1025/499 821/1024/821
f 926/1027/926 499/1028/499 472/1029/472
f 704/1030/704 189/1031/189 456/1032/456
f 704/1030/704 851/1033/851 189/1031/189
f 379/1034/379 456/1032/456 189/1031/189
f 456/1032/456 66/1035/66 704/1030/704
f 704/1030/704 947/1036/947 851/1033/851
f 189/1031/189 851/1033/851 1084/1037/1084
f 126/1038/126 456/1032/456 379/1034/379
f 379/1034/379 189/1031/189 971/1039/971
f 456/1032/456 303/1040/303 66/1035/66
f 704/1030/704 66/1035/66 297/1041/297
f 585/1042/585 947/1036/947 704/1030/704
f 520/1043/520 1084/1037/1084 851/1033/851
f 189/1031/189 1084/1037/1084 344/1044/344
f 303/1040/303 456/1032/456 126/1038/126
f 379/1034/379 971/1039/971 126/1038/126
f 344/1044/344 971/1039/971 189/1031/189
f 585/1042/585 704/1030/704 297/1041/297
f 210/1045/210 297/1041/297 66/1035/66
f 421/1046/421 947/1036/947 585/1042/585
f 520/1043/520 851/1033/851 846/1047/846
f 344/1044/344 1084/1037/1084 140/1048/140
f 20/1049/20 303/1040/303 126/1038/126
f 20/1049/20 126/1038/126 971/1039/971
f 971/1039/971 344/1044/344 107/1050/107
f 585/1042/585 297/1041/297 421/1046/421
f 480/1051/480 297/1041/297 210/1045/210
f 284/1052/284 947/1036/947 421/1046/421
f 111/1053/111 846/1047/846 851/1033/851
f 140/1048/140 737/1054/737 344/1044/344
f 303/1040/303 20/1049/20 838/1055/838
f 159/1056/159 20/1049/20 971/1039/971
f 107/1050/107 344/1044/344 737/1054/737
f 159/1056/159 971/1039/971 107/1050/107
f 480/1051/480 421/1046/421 297/1041/297
f 393/1057/393 947/1036/947 284/1052/284
f 140/1048/140 233/1058/233 737/1054/737
f 756/1059/756 838/1055/838 20/1049/20
f 722/1060/722 303/1040/303 838/1055/838
f 20/1049/20 159/1056/159 58/1061/58
f 107/1050/107 737/1054/737 159/1056/159
f 737/1054/737 233/1058/233 159/1056/159
f 990/1062/990 233/1058/233 140/1048/140
f 756/1059/756 1038/1063/1038 838/1055/838
f 20/1049/20 58/1061/58 756/1059/756
f 838/1055/838 479/1064/479 722/1060/722
f 159/1056/159 38/1065/38 58/1061/58
f 159/1056/159 233/1058/233 783/1066/783
f 1059/1067/1059 233/1058/233 990/1062/990
f 140/1048/140 323/1068/323 990/1062/990
f 756/1059/756 1105/1069/1105 1038/1063/1038
f 1038/1063/1038 479/1064/479 838/1055/838
f 58/1061/58 1105/1069/1105 756/1059/756
f 38/1065/38 159/1056/159 783/1066/783
f 58/1061/58 38/1065/38 915/1070/915
f 106/1071/106 783/1066/783 233/1058/233
f 106/1071/106 233/1058/233 1059/1067/1059
f 1105/1069/1105 769/1072/769 1038/1063/1038
f 1038/1063/1038 769/1072/769 479/1064/479
f 390/1073/390 1105/1069/1105 58/1061/58
f 38/1065/38 783/1066/783 548/1074/548
f 915/1070/915 390/1073/390 58/1061/58
f 213/1075/213 915/1070/915 38/1065/38
f 327/1076/327 783/1066/783 106/1071/106
f 696/1077/696 106/1071/106 1059/1067/1059
f 1105/1069/1105 390/1073/390 769/1072/769
f 479/1064/479 769/1072/769 908/1078/908
f 38/1065/38 548/1074/548 296/1079/296
f 685/1080/685 548/1074/548 783/1066/783
f 915/1070/915 278/1081/278 390/1073/390
f 278/1081/278 915/1070/915 213/1075/213
f 327/1076/327 685/1080/685 783/1066/783
f 696/1077/696 327/1076/327 106/1071/106
f 807/1082/807 769/1072/769 390/1073/390
f 908/1078/908 769/1072/769 807/1082/807
f 479/1064/479 908/1078/908 322/1083/322
f 296/1079/296 548/1074/548 1107/1084/1107
f 1107/1084/1107 548/1074/548 685/1080/685
f 956/1085/956 390/1073/390 278/1081/278
f 679/1086/679 278/1081/278 213/1075/213
f 327/1076/327 272/1087/272 685/1080/685
f 696/1077/696 658/1088/658 327/1076/327
f 134/1089/134 807/1082/807 390/1073/390
f 908/1078/908 807/1082/807 134/1089/134
f 908/1078/908 134/1089/134 322/1083/322
f 479/1064/479 322/1083/322 615/1090/615
f 213/1075/213 296/1079/296 1107/1084/1107
f 685/1080/685 272/1087/272 1107/1084/1107
f 956/1085/956 431/1091/431 390/1073/390
f 956/1085/956 278/1081/278 337/1092/337
f 679/1086/679 562/1093/562 278/1081/278
f 1107/1084/1107 679/1086/679 213/1075/213
f 833/1094/833 272/1087/272 327/1076/327
f 658/1088/658 833/1094/833 327/1076/327
f 390/1073/390 431/1091/431 134/1089/134
f 134/1089/134 580/1095/580 322/1083/322
f 216/1096/216 615/1090/615 322/1083/322
f 1107/1084/1107 272/1087/272 679/1086/679
f 337/1092/337 431/1091/431 956/1085/956
f 562/1093/562 337/1092/337 278/1081/278
f 311/1097/311 562/1093/562 679/1086/679
f 833/1094/833 895/1098/895 272/1087/272
f 134/1089/134 431/1091/431 580/1095/580
f 322/1083/322 810/1099/810 216/1096/216
f 337/1092/337 580/1095/580 431/1091/431
f 389/1100/389 337/1092/337 562/1093/562
f 1067/1101/1067 311/1097/311 679/1086/679
f 311/1097/311 389/1100/389 562/1093/562
f 895/1098/895 300/1102/300 272/1087/272
f 216/1096/216 810/1099/810 841/1103/841
f 580/1095/580 337/1092/337 389/1100/389
f 1067/1101/1067 193/1104/193 311/1097/311
f 311/1097/311 928/1105/928 389/1100/389
f 895/1098/895 876/1106/876 300/1102/300
f 311/1097/311 193/1104/193 928/1105/928
f 1014/1107/1014 193/1104/193 1067/1101/1067
f 928/1105/928 193/1104/193 389/1100/389
f 300/1102/300 876/1106/876 1101/1108/1101
f 193/1104/193 1014/1107/1014 532/1109/532
f 1014/1107/1014 1067/1101/1067 300/1102/300
f 1082/1110/1082 389/1100/389 193/1104/193
f 300/1102/300 1101/1108/1101 1014/1107/1014
f 1082/1110/1082 193/1104/193 532/1109/532
f 774/1111/774 188/1112/188 980/1113/980
f 724/1114/724 188/1112/188 774/1111/774
f 262/1115/262 980/1113/980 188/1112/188
f 264/1116/264 774/1111/774 980/1113/980
f 346/1117/346 188/1112/188 724/1114/724
f 264/1116/264 724/1114/724 774/1111/774
f 346/1117/346 262/1115/262 188/1112/188
f 262/1115/262 969/1118/969 980/1113/980
f 346/1117/346 724/1114/724 252/1119/252
f 499/1120/499 262/1115/262 346/1117/346
f 25/1121/25 969/1118/969 262/1115/262
f 252/1119/252 499/1120/499 346/1117/346
f 1075/1122/1075 262/1115/262 499/1120/499
f 25/1121/25 262/1115/262 1075/1122/1075
f 818/1123/818 843/1124/843 608/1125/608
f 492/1126/492 843/1124/843 818/1123/818
f 818/1123/818 608/1125/608 764/1127/764
f 524/1128/524 492/1126/492 818/1123/818
f 764/1127/764 608/1125/608 472/1129/472
f 764/1127/764 56/1130/56 818/1123/818
f 818/1123/818 448/1131/448 524/1128/524
f 764/1127/764 472/1129/472 452/1132/452
f 764/1127/764 452/1132/452 56/1130/56
f 818/1123/818 56/1130/56 448/1131/448
f 1089/1133/1089 56/1130/56 452/1132/452
f 448/1131/448 56/1130/56 1089/1133/1089
f 448/1131/448 1089/1133/1089 441/1134/441
f 702/1135/702 239/1136/239 574/1137/574
f 392/1138/392 574/1137/574 239/1136/239
f 574/1137/574 74/1139/74 702/1135/702
f 392/1138/392 239/1136/239 492/1140/492
f 49/1141/49 492/1140/492 239/1136/239
f 492/1140/492 49/1141/49 493/1142/493
f 49/1141/49 625/1143/625 493/1142/493
f 625/1143/625 843/1144/843 493/1142/493
f 843/1144/843 625/1143/625 472/1145/472
f 74/1139/74 472/1145/472 625/1143/625
f 574/1146/574 472/1147/472 74/1148/74
f 457/1149/457 618/1150/618 558/1151/558
f 558/1151/558 618/1150/618 48/1152/48
f 642/1153/642 457/1149/457 558/1151/558
f 48/1152/48 154/1154/154 558/1151/558
f 1112/1155/1112 999/1156/999 624/1157/624
f 389/1158/389 810/1159/810 580/1160/580
f 1008/1161/1008 580/1160/580 810/1159/810
f 322/1162/322 1008/1161/1008 810/1159/810
f 1114/1163/1114 580/1160/580 1008/1161/1008
f 1114/1163/1114 1008/1161/1008 322/1162/322
f 1114/1163/1114 322/1162/322 580/1160/580
f 608/1164/608 843/1165/843 472/1166/472
f 400/1167/400 411/1168/411 31/1169/31
f 411/1168/411 129/1170/129 31/1169/31
f 400/1167/400 31/1169/31 129/1170/129
f 552/1171/552 131/1172/131 613/1173/613
f 613/1173/613 131/1172/131 561/1174/561
f 145/1175/145 552/1171/552 613/1173/613
f 561/1174/561 433/1176/433 613/1173/613
f 145/1175/145 613/1173/613 433/1176/433
f 145/1175/145 867/1177/867 552/1171/552
f 145/1175/145 433/1176/433 142/1178/142
f 155/1179/155 552/1171/552 867/1177/867
f 60/1180/60 272/1181/272 300/1182/300
f 679/1183/679 272/1181/272 60/1180/60
f 1067/1184/1067 679/1183/679 60/1180/60
f 435/1185/435 709/1186/709 476/1187/476
f 435/1185/435 155/1188/155 709/1186/709
f 709/1186/709 979/1189/979 476/1187/476
f 644/1190/644 709/1186/709 155/1188/155
f 847/1191/847 476/1187/476 979/1189/979
f 644/1190/644 155/1188/155 628/1192/628
f 1085/1193/1085 772/1194/772 929/1195/929
f 1090/1196/1090 772/1194/772 1085/1193/1085
f 1000/1197/1000 929/1195/929 772/1194/772
f 772/1194/772 1090/1196/1090 54/1198/54
f 873/1199/873 1000/1197/1000 772/1194/772
f 1090/1196/1090 600/1200/600 54/1198/54
f 1084/1201/1084 1000/1197/1000 873/1199/873
f 803/1202/803 600/1200/600 1090/1196/1090
f 1084/1201/1084 873/1199/873 323/1203/323
f 803/1202/803 535/1204/535 600/1200/600
f 1106/1205/1106 535/1204/535 803/1202/803
f 558/1206/558 154/1207/154 619/1208/619
f 619/1208/619 642/1209/642 558/1206/558
f 493/1210/493 843/1211/843 492/1212/492
f 1027/1213/1027 1093/1214/1093 507/1215/507
f 399/1216/399 805/1217/805 394/1218/394
f 883/1219/883 805/1217/805 399/1216/399
f 394/1218/394 805/1217/805 339/1220/339
f 220/1221/220 805/1217/805 883/1219/883
f 220/1221/220 339/1220/339 805/1217/805
f 1020/1222/1020 239/1223/239 702/1224/702
f 1020/1222/1020 49/1225/49 239/1223/239
f 702/1224/702 74/1226/74 1020/1222/1020
f 1020/1222/1020 625/1227/625 49/1225/49
f 74/1226/74 625/1227/625 1020/1222/1020
f 48/1228/48 299/1229/299 154/1230/154
f 154/1230/154 299/1229/299 619/1231/619
f 51/1232/51 132/1233/132 76/1234/76
f 551/1235/551 977/1236/977 392/1237/392
f 574/1238/574 977/1236/977 551/1235/551
f 574/1238/574 392/1237/392 977/1236/977
f 551/1235/551 392/1237/392 525/1239/525
f 551/1235/551 525/1239/525 574/1238/574
f 1037/1240/1037 66/1241/66 303/1242/303
f 880/1243/880 428/1244/428 142/1245/142
f 136/1246/136 428/1244/428 880/1243/880
f 201/1247/201 146/1248/146 733/1249/733
f 201/1247/201 435/1250/435 146/1248/146
f 60/1251/60 300/1252/300 1067/1253/1067
f 457/1254/457 48/1255/48 618/1256/618
f 590/1257/590 834/1258/834 72/1259/72
f 590/1257/590 378/1260/378 834/1258/834
f 1023/1261/1023 72/1259/72 834/1258/834
f 323/1262/323 140/1263/140 1084/1264/1084
f 841/1265/841 386/1266/386 116/1267/116
f 116/1267/116 386/1266/386 839/1268/839
f 841/1265/841 116/1267/116 615/1269/615
f 839/1268/839 615/1269/615 116/1267/116
f 841/1265/841 615/1269/615 216/1270/216
f 612/1271/612 919/1272/919 952/1273/952
f 919/1272/919 443/1274/443 952/1273/952
f 919/1275/919 905/1276/905 443/1277/443
f 462/1278/462 934/1279/934 55/1280/55
f 986/1281/986 55/1280/55 934/1279/934
f 986/1281/986 985/1282/985 55/1280/55
f 55/1280/55 985/1282/985 330/1283/330
f 598/1284/598 178/1285/178 368/1286/368
f 995/1287/995 142/1288/142 167/1289/167
f 995/1287/995 167/1289/167 867/1290/867
f 832/1291/832 366/1292/366 1019/1293/1019
f 832/1291/832 240/1294/240 366/1292/366
f 762/1295/762 207/1296/207 5/1297/5
f 958/1298/958 207/1296/207 762/1295/762
f 96/1299/96 1080/1300/1080 640/1301/640
f 1080/1300/1080 432/1302/432 640/1301/640
f 598/1303/598 19/1304/19 365/1305/365
f 365/1305/365 19/1304/19 771/1306/771
f 428/1307/428 211/1308/211 347/1309/347
f 428/1307/428 347/1309/347 93/1310/93
f 46/1311/46 948/1312/948 968/1313/968
f 1059/1314/1059 97/1315/97 429/1316/429
f 437/1317/437 144/1318/144 1117/1319/1117
f 612/1320/612 682/1321/682 919/1322/919
f 917/1323/917 16/1324/16 511/1325/511
f 213/1326/213 38/1327/38 296/1328/296
f 318/1329/318 559/1330/559 725/1331/725
f 919/1332/919 682/1333/682 905/1334/905
f 292/1335/292 228/1336/228 856/1337/856
f 655/1338/655 907/1339/907 366/1340/366
f 334/1341/334 196/1342/196 777/1343/777
f 334/1341/334 635/1344/635 196/1342/196
f 196/1342/196 635/1344/635 777/1343/777
f 798/1345/798 90/1346/90 1060/1347/1060
f 90/1346/90 798/1345/798 740/1348/740
f 740/1348/740 798/1345/798 1060/1347/1060
f 800/1349/800 856/1350/856 655/1351/655
f 357/1352/357 186/1353/186 316/1354/316
f 1029/1355/1029 1024/1356/1024 923/1357/923
f 172/1358/172 263/1359/263 564/1360/564
f 141/1361/141 1116/1362/1116 1115/1363/1115
